"","IGF2R","GSDMD","OR52N4","EPHB1","BCLAF1","LAMB1","SPTBN2","ASXL1","WDR11","GTF2H1","EPOR","COL9A1","FASN","SCN9A","GOLGB1","RELN","COPS2","OR11A1","HECW1","PHF2","DOCK10","HTR1B","TADA1","PCSK2","KRAS","SLC32A1","TLL2","UBE3A","LCT","APC","SDR9C7","AP2A2","ASAP1","NACAD","CABP7","APBA2","PTPRZ1","STAB1","TRRAP","LSS","LIN28A","TPK1","CHRM3","PTBP2","CACNA2D1","BMP10","CCNF","OR8K5","LPA","NEFH","TPO","TP53","MALT1","NBEAL2","FBN3","NRXN1","FN1","AVPR2","TNS1","NALCN","ADAMTSL4","RET","MFAP5","ACIN1","ASB11","PLCH1","CACNA1A","RAB13","SCAF11","HMGCR","PRICKLE1","MC4R","AKAP11","TBP","TNRC6B","ADAMTS8","OR5D18","SRMS","BCAR3","INHBA","RYR2","CRYZ","PANX1","CYP2F1","PIK3CG","SIN3B","ZNF571","MYH11","DMXL1","RANBP9","GUCY1A2","BCKDHA","THSD7A","UNC80","PRDM9","DYSF","GATA3","LAMA4","LAMA5","OR5M8","TTN","TOP1","KCNQ3","MGAM"
"Extracellular matrix organization",0.802144052323797,0.778482909457873,0.785835184237571,0.792699171108822,0.786041298430455,0.817790362187064,0.801453002883121,0.785920835752769,0,0.786112101347301,0.793994068311741,0.785282095983015,0.794651923792055,0.794692252573399,0.794360150061948,0.801900516059709,0.794203634175275,0.785835184237571,0.794459459106962,0.779850134195937,0.79477015817799,0.793248249399143,0.778990039044417,0.787283270944266,0.801603112073755,0.794699610889859,0.802915246684713,0.793813997127742,0.787094493443182,0.795350147105971,0,0.801870559711363,0.79406381977395,0,0.786383829189708,0.817962463999601,0.79497019272506,0.794869321811842,0.794192070218252,0,0.794727023832912,0,0.802151660569248,0.786111333548218,0.794300739817604,0.786219079521998,0.793545369242634,0.785835184237571,0.794069144849367,0.778988440132078,0.786702247353751,0.801000228834157,0.794756236428113,0,0.803555975267115,0.780503194591732,0.801365540019006,0.80938945102178,0.85324863430844,0.786392695466074,0.801947166590136,0.794006024882692,0.801937363684957,0.786270819363731,0.793551720321042,0.794579827116035,0.794767121697618,0.786230049305864,0,0.794851263684256,0.79440332974442,0.792931137570175,0.795136485556283,0.79453679962393,0.794992078157631,0.801937363684957,0.785835184237571,0.794546653053852,0.794980963128208,0.802154264888316,0.794077523872094,0.794692474617988,0,0,0.793752764571341,0.794326624994654,0,0.792577903315859,0,0.794737470718463,0.785339652870309,0,0.801947166590136,0,0.779151211405735,0.786423585609857,0.795313621480261,0.817968264211955,0.817807545046537,0.785835184237571,0.793621250659908,0.79479137720557,0.794736989063626,0
"Collagen biosynthesis and modifying enzymes",0.922162234048465,0,0,0.921898499920151,0.900621355608719,0.920864166361109,0.922296715160673,0,0,0,0,0.898642628683386,0.924018500864556,0,0.923083131342815,0.921564658179482,0,0,0,0,0,0,0,0,0.920311368070593,0,0.943744087139402,0,0,0.922458947934425,0,0.920721798701564,0,0,0,0,0,0.904034912064678,0.922629298058874,0,0.924662997382666,0,0.922196047630673,0,0.900451969107048,0.903296589328913,0,0,0.903692693730313,0,0.903063779506159,0.921074177532095,0,0,0.922722607682507,0,0.922135916476907,0.899593525035891,0.922204013421396,0,0.943568875204613,0,0.903096846104677,0,0,0,0,0,0,0,0,0,0,0.92196193240309,0.923131510494549,0.943542406327967,0,0,0,0.924190196447428,0.900438530750863,0.924943321649008,0,0,0.921736698275317,0.922992610129505,0,0.921300935702446,0,0,0,0,0.943568875204613,0,0,0,0.92434192967221,0.922915779668812,0.922432655177105,0,0,0,0,0
"Collagen chain trimerization",0,0,0,0.882009583524106,0,0.882663576484106,0.88464711776733,0,0,0,0,0.844991480204315,0.887567082638768,0,0.885980795716337,0.883405627224025,0,0,0,0,0,0,0,0,0.881280180901973,0,0.921837813952466,0,0,0.884922247244408,0,0.844374731316269,0,0,0,0,0,0,0.8852111428823,0,0.888660079977752,0,0.884476396375793,0,0.845123634122091,0,0,0,0,0,0,0.882573824371172,0,0,0.88536938604959,0,0.884374420353875,0,0.884489905507059,0,0.884876024606005,0,0,0,0,0,0,0,0,0,0,0,0,0.884079361925529,0.886062841596526,0.884831136214947,0,0,0,0.887858260030609,0.845100844103622,0.889715845814895,0,0,0.883697388873099,0.885827281395484,0,0.883044001388184,0,0,0,0,0.884876024606005,0,0,0,0.888115583392742,0.883405627224025,0.884045184501912,0,0,0,0,0
"Collagen formation",0.909742952973384,0,0,0.909042050328005,0.890521369834294,0.909851727336097,0.90986295457342,0.871173800368883,0,0.869828897192756,0.889778372079849,0.888755691419124,0.910457493896584,0,0.910564697729775,0.909041898273024,0.888791437580657,0,0.871097923737165,0,0.892116713684053,0.889125258997065,0,0,0.908091368783236,0,0.928844752088146,0.869542756429625,0,0.909830672450214,0,0.908585933043986,0.889926696195216,0,0,0,0,0.893567390422625,0.909283667526355,0,0.911974460405822,0,0.90977312586459,0.89034203489031,0.890370221090122,0.892908562516016,0.8695945415975,0,0.893262018560279,0,0.892681588820196,0.908900371427103,0.890894856993025,0,0.910037768887339,0.889585902880971,0.909005830702389,0.889604205250512,0.909575011403549,0,0.928844752088146,0.910386030102043,0.89340673583647,0,0.869609843799375,0.890003203594222,0.889580747084558,0.889758598845047,0,0,0.870962686415016,0,0,0.909564217703128,0.910607867923129,0.928250444048476,0,0,0.892624624261904,0.911552565704065,0.890358229634834,0.912004152159259,0,0,0.909363234418029,0.910483922888936,0,0.908778329115702,0,0.911473808983983,0,0,0.928844752088146,0,0,0.891449698903824,0.911687961890589,0.91024217319208,0.908869203866174,0,0.889847531368308,0,0,0
"Drug ADME",0.861447868028357,0,0.837285765389597,0.857879417800678,0,0.863354223542417,0.837880844425398,0,0.888785301857918,0.886013039401874,0.886630677849118,0.863054752538142,0.888419868909366,0.836407421558502,0.838786747538054,0.887434188134797,0.886855560667015,0.837285765389597,0.835683351138482,0,0.861965617643282,0.859416472989362,0.864247729873123,0,0.861752064493171,0.887705521819909,0,0.833675734973159,0.888999398275884,0.88662335977611,0,0.861745350858767,0.859138452687069,0,0,0,0,0,0.886140791885193,0.88580637490299,0.889162289290724,0.842341539344991,0.834352598791394,0,0.860045158349996,0,0.833742586134219,0.837285765389597,0.810757098222457,0.838096041957259,0.889462945386985,0.907995385700247,0.83649828311231,0,0.864797934999396,0.835731315163518,0.885348868029524,0.859284222346104,0.864200546280783,0,0,0.88671751834923,0.86394721317934,0.864899778819126,0.833762340245368,0.836451952918047,0.858650547465098,0.836136184674863,0.862921783982768,0.864735647450998,0.83550876887149,0.860108911719717,0,0.886050828428078,0.887398110513071,0,0.837285765389597,0.81047251194721,0.842462881485968,0.840251585987579,0.861245555829326,0.88920061934299,0,0.886904995742222,0.861821232753486,0.887238105828655,0,0.858582047969793,0,0.837031482284565,0.886080103795107,0.88846619910363,0,0,0,0,0.888398224529304,0.863858262823821,0.863301733099768,0.837285765389597,0.864942264592634,0,0.836546567943339,0
"Adrenaline,noradrenaline inhibits insulin secretion",0.850414652904439,0,0.905009634616317,0.850844772048925,0,0.852609453891027,0.850740703381187,0,0,0.849019773795351,0.85114944046327,0.850079895923956,0,0.853991748910818,0.849739622409345,0.848843421299317,0.850793044780715,0.905009634616317,0,0,0.858846102478763,0.898124469014414,0,0.858747053737978,0.850067069351727,0.85279158850843,0,0,0,0.849705352724429,0,0.850052939034085,0.852895713099749,0,0.858615365830614,0.855079378866242,0,0,0,0,0,0.859445076778411,0.898836141508154,0,0.900597957936316,0,0,0.905009634616317,0,0.853671042690923,0,0.846946940678516,0.854182987000252,0,0,0.85049069253399,0.850350845752547,0.897846118498899,0.853321181372123,0.858615365830614,0,0.851332215362343,0,0,0,0.850210696333849,0.901637002000855,0.851342829313241,0.855263402817319,0,0,0.899581858353395,0.855184023261151,0.849099309097908,0.8480601814529,0,0.905009634616317,0,0.804908228793855,0.850504569199574,0.897434743984198,0,0,0,0.898552156459185,0.796511039044639,0,0.851724637208745,0,0.855305221726778,0.851779742943231,0,0,0,0,0.853113442460938,0.850872447554134,0,0.85249897622974,0.905009634616317,0,0,0.851139619114541,0
"NCAM1 interactions",0.863251361771728,0,0.868051679504987,0.865157207575679,0,0.865432112990797,0.904622438760349,0,0,0.860829494239874,0.865406480926216,0.818663585726216,0,0.868410850709296,0.866632060074463,0.866790155932703,0.865114885402281,0.868051679504987,0,0,0.829283821095705,0.863121172310527,0,0.872130040370164,0.904071285428879,0.867575183886839,0.865636391452054,0.863706783417237,0.831967981231248,0.864224958417867,0,0.864509346296392,0.865415267764202,0,0.870322085368184,0.869447006304157,0.909449917659477,0.829283821095705,0.864562878826286,0,0,0,0.864872368431865,0,0.905864227936616,0,0.863821903637054,0.868051679504987,0.828604968880651,0,0,0.862646935353196,0,0,0.866378868105085,0.867246570006062,0.864074235153148,0.862508420948257,0.868058433165672,0.871024877254902,0,0.905785253757507,0,0,0.863855920961237,0.86610847247517,0.906714352147493,0.86638983929021,0,0,0,0.863610786024326,0.86965590181111,0,0,0,0.868051679504987,0,0.83041292388263,0,0.90327615216904,0.870322085368186,0,0,0.864640017780055,0,0,0.865877094922323,0,0.90820342384633,0.865432112990797,0,0,0,0,0,0,0.867283637909965,0.865341722469521,0.868051679504987,0.8242393503001,0,0.868650466030187,0
"Glucuronidation",0,0,0,0,0,0,0,0,0,0,0.8501436823119,0,0,0,0,0,0,0,0,0,0,0,0,0,0,0,0,0,0,0,0,0,0,0,0,0,0,0,0.849717493333237,0.847741396842815,0,0,0,0,0,0,0,0,0,0,0,0.84599865509288,0,0,0,0,0,0,0,0,0,0.794940766961587,0,0,0,0,0,0,0,0,0,0,0,0,0.850918459289514,0,0,0,0,0,0,0.800686308116693,0,0,0,0,0,0,0,0,0,0,0,0,0,0,0,0,0.850656398107946,0,0,0,0,0
"Neuronal System",0.885460873219708,0.872529475053954,0.896277904081581,0.886493248095049,0,0.884531244582688,0.884431340940513,0.884065474686645,0.886509969429557,0.884236793570079,0.884287090867994,0.884202305526256,0.873798506614048,0.884131717320346,0.883878554201901,0.884571475849811,0.883989143355245,0.897132150595132,0.884020471118217,0,0.884829460208912,0.895629162657407,0.861440857684167,0.885844819273737,0.894783326408185,0.885849351745448,0.874403981141218,0.883885958559173,0.874793428846492,0.88283409257117,0,0.909286750053392,0.884214847932515,0.864207880178565,0.885304490189932,0.897132150595132,0.875281715831992,0.875291249459754,0.883972617960999,0,0.87420962087114,0.885821842238975,0.894930269730908,0.874933867886938,0.894310777973725,0.884879036142942,0.883916673119021,0.896277904081581,0.874969856082296,0.88492800855244,0.885821842238974,0.883900600301126,0.895916097777068,0.885819663653032,0.885184325966055,0.865540145232148,0.883846856738937,0.896752248280027,0.88444023718658,0.884431696310079,0.873916200667488,0.884979400536459,0,0.875161780008445,0.883925749084487,0.884077436769472,0.895359557009138,0.884698144464875,0.884909009362262,0.873127984812683,0.884187776114797,0.895093054983748,0.884475723220971,0.88399826747327,0.884044295922283,0.873902191892419,0.897132150595132,0.886200698103213,0.885984956104884,0.8842233511799,0.894624353548748,0.885701317346806,0.895957041010901,0.874618036545007,0.895722524111259,0.884227975349495,0,0.884514604381274,0,0.885559409387152,0.884148548529128,0.874593388622643,0.873916200667488,0.875587981792142,0,0.884708918040159,0.884684915855877,0.88476282387659,0.883652881497089,0.896277904081581,0.884497570935415,0.875035216181434,0.897250172821208,0
"Biological oxidations",0.897371726284513,0.882123692213268,0.882116606656866,0.914412349312542,0,0.898069260039831,0.88101271771538,0.898353447862722,0.916609570684002,0.898673802135335,0.914353079181414,0,0.89985914879982,0,0,0.897952361242509,0.898289360335649,0.882116606656866,0,0.900505393943769,0.88404276267041,0.896907910990149,0.89871593871416,0,0.89697821574447,0.915535399658295,0,0.896945023444656,0.91648908883907,0.898229250956259,0,0.897256769331294,0.882151658431568,0,0.900241701974984,0.882323738977324,0,0,0.914215753232095,0.916312066248392,0.899371256427782,0,0.89739778090862,0,0.89696275492697,0,0.8803633725045,0.882116606656866,0.900241701974984,0,0.916230558503011,0.913492814176002,0,0,0.899298657546936,0,0.897885132276985,0.897083139867488,0.882436430086052,0,0,0.898829991369401,0,0,0.880376586124472,0,0.881825296281601,0.898296960178988,0,0.899132578929619,0,0.897371086587751,0,0.914176862358768,0.915078065826307,0,0.882116606656866,0.916691574946024,0,0.898473962600399,0.897947352287903,0.900830863494166,0,0.931893390591051,0.89730752709569,0.898640457547945,0,0.881779476639685,0,0,0.898957041290636,0.899652296175595,0,0,0.899051262921394,0.882658604550682,0.899870519624634,0,0.915143177677299,0.882116606656866,0,0,0,0.899359790155692
"APAP ADME",0,0,0,0,0,0,0,0,0.769059853846181,0,0.698754302336956,0,0,0,0,0,0,0,0,0,0,0,0,0,0,0.766072831024613,0,0,0.769652114180665,0,0,0,0,0,0,0,0,0,0.698186376617125,0.700890345520562,0.770102723713744,0,0,0,0,0,0,0,0,0,0.703862561991524,0.758666458581664,0,0,0,0,0.698667925022197,0,0,0,0,0,0,0,0,0,0,0,0,0,0,0,0,0.696059724709986,0.699786745207956,0,0,0,0,0,0,0,0,0.766718295169333,0.688957768925552,0,0,0,0,0,0,0,0,0,0,0,0.700421149410061,0,0,0,0.703439340726694,0,0,0
"Neurotransmitter receptors and postsynaptic signal transmission",0.877794815832158,0.855862617211902,0.895573246415287,0.878993480345606,0,0.876304375048603,0.876451973387804,0.876229304703328,0.878428220993505,0.876137958821509,0.876219142566913,0.876082292440102,0.858487701786076,0.874589537371355,0.894155858307491,0.876678162015632,0.875647868371883,0.895573246415287,0.876156665448477,0,0.878473389030617,0.891768486925473,0,0.859173733404045,0.893160881967177,0.858250560883932,0.858888215628881,0.875571683864691,0.85951681447344,0.87547567213648,0,0.915533763482113,0.876465407341466,0.842430916748093,0.876482483871662,0.875106402850798,0.859683338961518,0.860376119483805,0.875539909785577,0,0.858809067500268,0.878696350483198,0.893398059903082,0.857929489743325,0.894018823426159,0.877222671164067,0.875621259549874,0.895573246415287,0.859801581735058,0.875874813267572,0.878696350483199,0.875595316773421,0.894989262938452,0.877314013854423,0.877667349703071,0.875435176710928,0.874129750267951,0.895621846239413,0.876517359865685,0.877831367203741,0.8581566839336,0.876059568317978,0,0.85885532586079,0.875635908863063,0.874501924346294,0.8930061030112,0.877185267211961,0.877222967320823,0.856828658448501,0.876058840841516,0.893660807944632,0.875144789613761,0.875662595407043,0.87451620726615,0.858134072682582,0.895573246415287,0.879307853273663,0.878959628931764,0.874737441537838,0.875093053702677,0.877122993724262,0,0.859233717676192,0.891919179563338,0.876123725528577,0,0.876496003280242,0,0.875515123033595,0.875995524471456,0,0.8581566839336,0.860799284640328,0,0.875567011410812,0.875550217595664,0.876678162015632,0.876265449028192,0.895573246415287,0.875235837396808,0.858651042013834,0.875588496484072,0
"Cytosolic sulfonation of small molecules",0,0,0,0,0,0,0,0,0.82494375395889,0,0.745003198204603,0,0,0,0,0,0,0,0,0,0,0,0,0,0,0,0,0,0,0,0,0,0,0,0,0,0,0,0.744356261925942,0.827463109981456,0,0,0,0,0,0,0,0,0,0,0,0.738711227697928,0,0,0,0,0,0,0,0,0,0,0,0,0,0,0,0,0,0,0,0,0,0.741933747461866,0.746179275859782,0,0,0,0,0,0,0,0,0,0,0,0,0,0,0,0,0,0,0,0,0,0,0,0.818932426028168,0,0,0,0,0
"Phase II - Conjugation of compounds",0,0,0,0,0,0,0,0,0.845559357847786,0,0.843105833919126,0,0.792342220945863,0,0,0,0,0,0,0,0,0,0,0,0,0.843994291860985,0,0.811621585906223,0,0.790296491329698,0,0,0,0,0,0,0,0,0.842872054059315,0.846469763891156,0,0,0,0,0,0,0.757512428318338,0,0,0,0.816286052173586,0.840041526853596,0,0,0,0,0,0,0,0,0,0.812904197568618,0,0,0.757534922815845,0,0,0,0,0,0,0,0,0.81556248130548,0.843530826732827,0,0,0,0,0.814685805279064,0.787124344914488,0.816055831874102,0,0.842418014565799,0.81068867321714,0.79022355063557,0,0,0,0,0.817356440538844,0.81554744968911,0,0,0,0,0.814923862257481,0,0.843063011358047,0,0,0,0,0
"NCAM signaling for neurite out-growth",0.885478249772858,0,0.888912623634485,0.885642757860925,0,0.884849695460542,0.861684052916429,0.849369864891927,0,0.883115847503955,0.885842176546491,0.849808028017821,0.852718435648762,0.921246144244794,0.919823111700279,0.886949116580188,0.884701438434525,0.888912623634485,0.8492349237865,0,0.85680684657571,0.884405984253482,0,0.891083734862114,0.912894770608077,0.888937307554029,0.887386273566258,0.885842587098648,0.860451544695953,0.885478134014771,0,0.886484637418507,0.887566363193025,0,0.890410077848574,0.890434765526448,0.922437095434874,0.858304216532219,0.885748470348468,0,0.853150265988113,0,0.886775055134365,0.852449839800533,0.919568543582711,0.852858437647878,0.885934683276873,0.888912623634485,0.857761134746189,0.852956309449131,0,0.88499470862558,0.850581158455006,0,0.887784464718838,0.888674416442637,0.885182260324469,0.884883897098775,0.888369618816574,0.890410077848574,0.850212339074474,0.919505364237796,0,0.853133223689657,0.885961897136921,0.886761683982106,0.920248642968927,0.887989031852305,0,0,0.8517620563557,0.885359908758463,0.890176973742793,0.848925070991001,0.850781127476079,0.850170334414408,0.888912623634485,0.853933839220292,0.857710128828512,0.851340035531985,0.917498082915327,0.885839757719994,0,0.852461204200199,0.884875045080417,0.849439531522844,0,0.88644285467077,0,0.921439900358676,0.886914842170417,0,0.850212339074474,0,0,0.852239197502386,0.851580827863781,0.888704070766526,0.886588304850307,0.888912623634485,0.854483638863566,0.85275372794475,0.921437836506443,0
"Assembly of collagen fibrils and other multimeric structures",0.867997430822496,0,0,0.866886821353559,0,0.868169788336061,0.868187578361769,0.80686350161149,0,0.804732446447036,0.836362719882296,0.835125068057548,0.871809184818051,0,0.869299519655399,0.866948463790033,0.834798881013584,0,0.80674327192451,0,0.840067919661992,0.835327834968092,0,0,0.865380426802862,0,0.898758256460371,0.804279044475908,0,0.870815960098096,0,0.868843618603833,0.836597745628147,0,0,0,0,0,0.86994920798637,0,0.871533347402091,0,0.868045241026809,0.837255867109965,0.835235250128415,0,0.804361100233826,0,0.84023285635487,0,0.841226034410627,0.869341859333825,0.838131836784162,0,0.868523845642312,0.836057744410791,0.869508963953121,0.833788087493668,0.86779058711246,0,0.868378427259366,0.869016413348895,0.842187269591458,0,0.804385347210791,0.836718974792195,0.836049574836382,0.836331388367215,0,0,0.806528982748227,0,0,0.867714217333593,0.869367924626947,0.870116255494816,0,0,0.840872725152248,0.870864837654329,0.835216249167473,0.871929707668362,0,0,0.867395750937438,0.869171528551814,0,0.866525811607619,0,0.870740044347238,0,0,0.868378427259366,0,0,0.83901100692849,0.871079378557839,0.86878846607629,0.86946097573618,0,0.836472305658773,0,0,0
"ADP signalling through P2Y purinoceptor 1",0.814335502222461,0,0.880370940755622,0.815859331519817,0,0.815986648839279,0.814729877044851,0.750738647802057,0,0.813651902261336,0.81622784363792,0.748894681851943,0.752445966562712,0.81413152432432,0,0.812583071168588,0.815796764728268,0.880370940755622,0.750731572399319,0.758928680670241,0.824533774163441,0.872042978814091,0.752118241842003,0,0.813915082037115,0,0,0.745378363742015,0,0.813477567171105,0,0.813897990691119,0.817336472144732,0,0.757925102601789,0.81644829316673,0,0.758928680670241,0.748372036768739,0,0.754335995546601,0,0.872903783300924,0.753559506150302,0.811031432818041,0.75541160388795,0.745548551192657,0.880370940755622,0.757925102601789,0.818274273165185,0.755101395783964,0.805610466409928,0.818893496139734,0,0,0.811702706508263,0.814258324190257,0.871706299548312,0.818420276813766,0,0,0.816448919279576,0,0.754822352927897,0.745598840548339,0.814244890770534,0.87629156813217,0.751642094326989,0,0,0.750287126701205,0.873805766182004,0.821166143962277,0.746414942514787,0.811339593506466,0,0.880370940755622,0,0.759594306544646,0.814748399507841,0.810992023943094,0.75616164320486,0,0,0.872560288777113,0.74943747362432,0,0.815919995618993,0,0.821254474833291,0.815986648839279,0,0,0,0.753394443092086,0.817722748914661,0.811863563587632,0.750940231471699,0.815853020425412,0.880370940755622,0.750240545473953,0.754121070696644,0.815012628493679,0
"Transmission across Chemical Synapses",0.868045676006218,0.848871448802402,0.884825677748253,0.869404672946678,0,0.867379532307001,0.867513168680588,0.867073918335001,0.869302474473381,0.867228858110965,0.867302362334582,0.867178457453464,0.850726005278373,0.867075300196772,0.866705328861499,0.867717961147317,0.866711531251119,0.884825677748253,0.867008150341601,0,0.869343369870405,0.882629218573503,0.832666597954414,0.86957881895987,0.882641509292399,0.86958544269172,0.851610842772342,0.866716149552774,0.852179979732036,0.866488713133087,0,0.902678084504719,0.86732053658313,0.836710311008928,0.868789184696201,0.867543273133867,0.852206288706973,0.852907492326073,0.866620470451616,0,0.851326805630256,0.869545240434359,0.882856251540998,0.850742806917029,0.883199320986535,0.868167428245943,0.866761035659365,0.884825677748253,0.852437809626095,0.868238996284148,0.869545240434358,0.866737546922399,0.884296935795584,0.868293665009133,0.868613577290855,0.866592555201399,0.866659006345133,0.884444926404228,0.867526169610805,0.868762079666378,0.850898002788802,0.868406274554839,0,0.851581064189739,0.866774299230627,0.866995974866882,0.883483609856527,0.867903074037931,0.868211230961135,0.849746108018048,0.867157224243071,0.883094145108299,0.866329637076355,0.866798461378932,0.866947542995913,0.850877530433865,0.884825677748253,0.870098898529695,0.86978361423518,0.867209213468117,0.882409187138055,0.869369105950144,0,0.851923662285894,0.882765656542654,0.867215971206804,0,0.86755303359497,0,0.867913330705901,0.867099897242446,0.851887641933466,0.850898002788802,0.853341135496161,0,0.86796031073698,0.867883741813849,0.867717961147317,0.867344288467307,0.884825677748253,0.865113173568258,0.851396104435871,0.867979763444187,0
"Peptide hormone biosynthesis",0.463752775859789,0,0.559872222628024,0,0,0,0.554382400539815,0,0,0.560300349267936,0,0,0,0,0.557256633597326,0,0,0.559872222628024,0,0,0,0.535673447410737,0,0.570834982099259,0,0,0,0,0,0,0,0.463207506424979,0,0,0,0.474165137645652,0,0,0,0,0.571904528849438,0,0.553515262867072,0,0,0,0,0.559872222628024,0,0,0,0,0,0,0,0,0.561056131273097,0.630791880224761,0,0,0,0.560750185119915,0,0,0,0,0.558236662880084,0,0,0,0,0.633408439795759,0,0,0,0,0.559872222628024,0,0,0.34803348666178,0,0.569531453370668,0,0,0.463448263131984,0.565799514264403,0,0,0,0,0,0,0,0,0,0.475753488387477,0.570731074579233,0,0,0.559872222628024,0,0,0,0
"Regulation of insulin secretion",0.83249467826587,0.792525043356541,0.873207791022178,0.83443989540131,0,0.835109090379768,0.833771553067331,0.796680227659218,0,0.832704964110487,0.834229249249887,0.833892443854861,0.756679054174521,0.83592679439124,0.830873800327845,0.832768702070421,0.833974163019329,0.873207791022178,0.796532670451465,0,0.839108132110696,0.868279810616895,0,0.837320768731506,0.832860697864701,0.832298181294483,0.798367387043245,0.793508338186128,0,0.834646934255948,0,0.832513778852591,0.835571028164234,0,0.837877796290436,0.837989808782671,0,0.800932733696729,0.800300126105493,0,0.803829233491137,0.840166758319977,0.868742096155951,0.795773494055196,0.870050182695737,0.798016017027044,0.793609044748895,0.873207791022178,0.800338877349736,0.836291823535014,0,0.836410250403809,0.836829185480871,0,0.795636625483642,0.836267658665445,0.832727002260141,0.868080584343255,0.835306974657383,0.839236096577958,0.757353956661346,0.834360068343179,0,0.796520769825493,0.793638802925161,0.833659704343985,0.873491571343549,0.831813294902135,0.837173771871569,0.795091015868671,0.796269674570012,0.869322920764221,0.84009505309901,0.832761890615264,0.832275912250309,0.757308024842926,0.873207791022178,0.798739040187106,0.803125187319624,0.833957650132974,0.867786147627438,0.796882053078845,0,0,0.868585923130272,0.800930586713291,0,0.834454850419732,0.801140716563772,0.836145077079816,0.834680381212463,0.758653144561101,0.757353956661346,0,0,0.835417076406673,0.833766282904382,0.798769747597493,0.835030017227207,0.873207791022178,0.791538479818469,0.796105793734289,0.834532724492032,0
"ECM proteoglycans",0.863817574157167,0,0.833450677790784,0.865984199760423,0,0.897195515594853,0.895242617143044,0.83371372265873,0,0.831460038138049,0.8653122320333,0.830446871366489,0.868158614209516,0.867946337926873,0.866605486325252,0.897049435034765,0.865973559224162,0.833450677790784,0.867006442919889,0,0.869086490815922,0.863668759717579,0,0.836846703635153,0.895652769896284,0,0.86752704702463,0.864400414061986,0.837270666568721,0.868720907260765,0,0.865005385608859,0.867953672059904,0,0,0.868077554136577,0.869068511004944,0.870138287546136,0.865926870175569,0,0.86896785736968,0,0.865279031535614,0.834434735512016,0.866365619661992,0.834132553053505,0.864487191633274,0.833450677790784,0.868846411906819,0,0,0.893414558673765,0.867183150929962,0,0.865495255020411,0.83063203630468,0.895827787033568,0.863257545689761,0.86845918387427,0,0.865330935055638,0.866796545563292,0.864267912315321,0.835078653590901,0.864512833877347,0.833866948283411,0.867832054813046,0.833457058600134,0,0,0.866779822695507,0.863787437400234,0.836884335716676,0.864928959427757,0.866677827589845,0.86543363848533,0.833450677790784,0.86787020375658,0.869937608002283,0.898073936541121,0.865464393541368,0.869017612509159,0,0,0.86592949760918,0.866470130106537,0,0.865649345435215,0,0.868128904514424,0,0,0.865330935055638,0,0,0.833771107121774,0.866872627792116,0.896913862498888,0.897195515594853,0.833450677790784,0.864953893346981,0.834721073942193,0.868126959850836,0
"Metabolism",0.894371454763376,0.887672928900105,0.894780460021128,0.8911690372113,0.891349587387554,0.891204773942231,0.891107983364983,0.891177129567989,0.89110941057042,0.890483687753672,0.891106249728506,0.894639803516732,0.894452847449897,0.891148547994486,0.890913200937836,0.891330299413564,0.891054149631825,0.894780460021128,0.890660012600954,0.887934819939417,0.891456966742638,0.89433028330327,0.887932021918639,0.891502138968715,0.894092863587111,0.8912259054294,0.891200688222319,0.890906959371501,0.894489602162919,0.893623884722712,0.888660976784976,0.894541817565094,0.891206597848542,0.888444608980227,0.891457232269392,0.891307391630131,0,0.891438512368265,0.891049199926271,0.891439968317842,0.891347393146759,0.894882952806501,0.894116648700534,0.891343327744568,0.894492008843206,0.891342204465807,0.890916159032653,0.894780460021128,0.891565600919983,0.891380925940317,0.898113274534755,0.897724325163359,0.891275796161532,0.888138374143417,0.891385301693336,0.891351686679281,0.891057098075374,0.894312083752419,0.891318176547565,0.891049986733831,0.88804274466557,0.891200907996066,0.887914633423062,0.891182958106322,0.890918877476522,0.89464276789194,0.894530425236071,0.891002240226462,0.89116198147628,0.894591223040142,0.890862253488668,0.894681437545584,0.891754771425041,0.893658688240201,0.893819898400591,0.89107133838476,0.894780460021128,0.891241963924991,0.891517743711873,0.891126883705616,0.894285186617398,0.891425193509615,0,0.894672973844158,0.88813554234817,0.89111745702883,0.88813050002858,0.891336177490332,0.888213494211073,0.891254385937458,0.89451495869075,0.89498547710779,0.88804274466557,0.888145242019986,0.887635660922327,0.891285159226764,0.891106777127324,0.891201740104487,0.890941685595984,0.894780460021128,0.89139868294329,0.88815036165927,0.891247447898184,0.894780460021128
"Presynaptic function of Kainate receptors",0.803471054162583,0,0.879159454455647,0.805217634550304,0,0.806513842536672,0.803923078107386,0,0,0.802687526580314,0.805640015219342,0,0,0.803237259079998,0,0.801641356066645,0.80514592183863,0.879159454455647,0,0,0.815160094261541,0.869614123477956,0,0,0.802989177582574,0,0,0,0,0.804468382181416,0,0.802969587849151,0.807741096508253,0,0.731050867429809,0.806193723164919,0,0,0,0,0,0,0.870600759078789,0,0.7996840008283,0,0,0.879159454455647,0,0.808164489469489,0,0.793470605648583,0.809845608433209,0,0,0.807607670417158,0.803382594360921,0.869228228940042,0.808983330124799,0,0,0.805893407368048,0,0,0,0.802857184744759,0.874483765235936,0,0,0,0,0.871634592470028,0.811300188908196,0,0.800385805457586,0,0.879159454455647,0,0.734114352722881,0.803944308156347,0.799638831222883,0,0,0,0.870207053038606,0.721322529527379,0,0.805287166436876,0,0.811401431853984,0.805363562925336,0,0,0,0,0.807654476950278,0.803944308156347,0,0.806360680520882,0.879159454455647,0,0,0.804476119664733,0
"G alpha (q) signalling events",0.894104388211982,0,0.916804332728121,0.895520070366245,0,0.915183854758891,0.895147430377013,0.871938778364193,0,0.893746693230319,0.894203154717614,0.895071513111819,0.896243185565833,0.894950016354334,0.871385174400123,0.895403613373761,0.893323188304997,0.916804332728121,0.87365727163948,0,0.896979447946382,0.914056695070295,0,0.874975918016538,0.893943300416237,0.872587643089348,0.896504618815038,0.872726492529104,0.854237200126466,0.894734256806754,0,0.893960040391028,0.895139063767764,0,0.87382262020134,0.892719785481082,0,0.898039235870555,0.87166573622808,0,0.873198384193811,0,0.914192133861883,0.896610574769317,0.915043781177004,0.874120054013533,0.87278264233521,0.916804332728121,0.897708126180957,0.896221519059853,0.873513452531304,0.893964577168778,0.896852239502111,0,0.896276515174746,0.896208045729977,0.894078924927072,0.913945614756076,0.896604031414069,0,0.871879010413735,0.894554206312392,0,0.897027224771628,0.872799234261113,0.894500452178981,0.915458428661892,0.872997567515471,0,0,0.87224943373017,0.914638290061821,0.896996926342741,0.894253374744689,0.895384987519155,0.871853400735205,0.916804332728121,0.876914150255302,0.877354439836425,0.894879525174832,0.894490780040646,0.896776502904844,0,0.853916562495012,0.914227370722411,0.872270198813932,0,0.895197298975182,0,0.894387201417824,0.895562076065108,0,0.871879010413735,0,0,0.893492037395146,0.89478203029592,0.896316539776867,0.915139766845825,0.916804332728121,0.896491725197256,0.896795851299837,0.895240718330785,0
"Potassium Channels",0.86703753867144,0,0.899493888756143,0.86778649920298,0,0.868342333122382,0.865394518610773,0,0,0.865341553927221,0.867967622529807,0,0,0.866481586986801,0.83811320841894,0.866252935988319,0.867755747689319,0.899493888756143,0,0,0.872406065035524,0.895400704031842,0,0,0.865843391490558,0,0,0.837275420648751,0,0.866971950676277,0,0.86682250220401,0.868868598499775,0,0.835964027590318,0.86827427826735,0.840487376260529,0,0,0,0,0,0.895823788551302,0,0.865413591959249,0,0.837359067605609,0.899493888756143,0,0.869050155913065,0,0.862749192548155,0.869771045579239,0,0,0.866091311265298,0.866999605748032,0.895235226519174,0.869401287379306,0.869230296203308,0,0.868076280980181,0,0,0.837383784772176,0.866993003236062,0.895652026429593,0,0,0,0,0.896267112209159,0.869533514442652,0,0.865714536577592,0,0.899493888756143,0,0.837277697198425,0.867240477262309,0.865787869567773,0,0,0,0.895654961346325,0.83179236668216,0,0.868172401745012,0,0.870438206589633,0.867849075534479,0,0,0,0,0.868900671955968,0.867459178474212,0,0.868276654894478,0.899493888756143,0,0,0.900339311317097,0
"G beta:gamma signalling through PI3Kgamma",0.812623574253325,0,0.889004114069072,0.813225327956886,0,0.815694187684949,0.813079731772576,0.81328138175192,0,0.811832881631173,0.813651571124715,0.813651571124715,0,0.812387641210151,0.733045852819686,0.81601757622209,0.813152959461739,0.889004114069072,0,0,0.824419505852216,0.879371494936245,0,0.745647605685273,0.879766174708215,0,0,0.808746398432287,0,0.811631235233476,0,0.812117522235169,0.81543632925921,0,0.741354372152091,0.81588581732772,0,0,0.731556294143859,0,0,0,0.880367152916877,0.816544155319699,0.808801889862275,0.739019312272713,0.80894324742184,0.889004114069072,0.824096696150882,0.816845252734631,0,0.807772107626969,0.81789562277169,0,0.819945320156094,0.810396787819207,0.812534305522889,0.878982071550314,0.818186257728961,0,0,0.815068078889986,0,0,0.809001415099972,0.886548881580944,0.884285667580185,0.736499436847141,0,0,0,0.881410440292441,0.820524303240126,0.808280325483018,0.812710821450088,0,0.889004114069072,0.741285610753649,0.826350207018892,0.813101155961667,0.808756307199256,0.739886852629545,0,0,0.74755642111389,0.735213399849142,0,0.812791252145505,0,0.819465673562519,0.814533389236143,0,0,0,0,0.817359929110129,0.813101155961667,0.81601757622209,0.81553962506505,0.889004114069072,0.734658641497001,0,0.813637830669198,0
"Binding and Uptake of Ligands by Scavenger Receptors",0.550915659224235,0.367100614305025,0.471170322035872,0.468224320618395,0,0.467208108741273,0.463152483716941,0.410213473717395,0,0.463705468472328,0.466593089355399,0.513760497145838,0.469457933100492,0,0.345932415380466,0.467433654369032,0.409187773448096,0.471170322035872,0.410012311860506,0,0.353374884045424,0.510809917722532,0,0,0.515902740488871,0.455425128477334,0.517264568523346,0.460090785350995,0,0.464374424006115,0,0.502585715376474,0.411823908695884,0,0.352565291296243,0.470412220560738,0,0.524279347823009,0.46477742469815,0,0.470982631386755,0,0.511504334124116,0,0.505550939090479,0,0.460228076639409,0.471170322035872,0.46398783261017,0.414967221031967,0,0.499624684854626,0.469553080768269,0,0.469129427598991,0.467977969488318,0.512171673401752,0.506426466028509,0.469755782584685,0,0.467731643642293,0.466771432468039,0,0,0.460268645379401,0.468648340351312,0.467879466445284,0.454390480455434,0.349294604127064,0,0.410463367465533,0.465874154354456,0,0.464592668012674,0.465965518688571,0.467669025692113,0.471170322035872,0,0,0.469864116770391,0.449944588556196,0.471645800102925,0,0,0.464869419886889,0.467030962897125,0,0.465885586208267,0,0.470648104402569,0,0,0.467731643642293,0,0,0.472834375616745,0.470223075091025,0.466390043330448,0.467100309858105,0.471170322035872,0.46867159110984,0,0,0
"G-protein activation",0.824009475578914,0,0.900201169199991,0.82576766992931,0,0.825914568661455,0.824464505276707,0,0,0.823220737895719,0.82619285923708,0,0,0.823774125865702,0,0.822167610825465,0.825695480360824,0.900201169199991,0.750466962352075,0,0.836612159332984,0.890592366126495,0,0,0.823524394739511,0,0,0,0,0.823855506928106,0,0.823504674743299,0.828307911757913,0,0.756554414620079,0.826169300671361,0,0,0,0,0,0,0.891585562403906,0,0.820197240067856,0,0,0.900201169199991,0,0.828734120089162,0,0.813942528645146,0.830426417726956,0,0,0.821119844772427,0.823920427559932,0.890203905565974,0.829558405661222,0,0,0.826447936327961,0,0,0,0.823904928079311,0.89549438878032,0,0,0,0.749954160874352,0.892626270315495,0.831890670498428,0,0.820903711377718,0,0.900201169199991,0,0.75963827069259,0.824305786176122,0.820151770105173,0,0,0,0.891189238398191,0.746761387709294,0,0.826673581042953,0,0.831992586663612,0.825914568661455,0,0,0,0,0.827639767802903,0.824330930400475,0,0.825760388188142,0.900201169199991,0,0,0.824790743918239,0
"Thromboxane signalling through TP receptor",0.796702914032722,0,0.8728946076538,0.798461108383119,0,0.798608007115263,0.797157943730516,0,0,0.795914176349527,0.798886297690888,0.724811327244594,0,0.79646756431951,0,0.794861049279273,0.798388918814632,0.8728946076538,0.7233312288625,0,0.807812962249637,0.863285804580303,0,0,0.796217833193319,0,0,0,0,0.795056309844759,0,0.796198113197107,0.799508714674566,0,0.723793846621972,0.799140652372724,0,0,0.724208299310857,0,0,0,0.864279000857715,0,0.792890678521665,0,0,0.8728946076538,0,0.801427558542971,0,0.786635967098954,0.803119856180765,0,0,0.79352336684605,0.796613866013741,0.862897344019782,0.801415927243281,0,0,0.799141374781769,0,0,0,0.796598366533119,0.868187827234128,0,0,0,0.722818427384777,0.865319708769304,0.804584108952237,0,0.793597149831527,0,0.8728946076538,0,0.737156554967091,0.797179314949615,0.792845208558981,0,0,0,0.863882676851999,0.714000819711187,0,0.797874383959606,0,0.80468602511742,0.798608007115263,0,0,0,0,0.800611119504266,0.797024368854283,0.727171482539646,0.798453826641951,0.8728946076538,0,0,0.797484182372048,0
"Signal amplification",0.814335502222461,0,0.880370940755622,0.814855753451365,0,0.815986648839279,0.813726298976399,0.750738647802057,0,0.813651902261336,0.815224265569468,0.752026971793815,0.752445966562712,0.813827385422847,0.74840886847964,0.812294187887454,0.814793186659816,0.880370940755622,0.750719024329533,0.758928680670241,0.822744765673927,0.872042978814091,0.752118241842003,0.759303819978713,0.813915082037115,0.752100378457701,0,0.745378363742015,0,0.811688558681592,0,0.813897990691119,0.816767293235563,0,0.757925102601789,0.815778119152769,0,0.758928680670241,0.750500748642159,0,0.754335995546601,0,0.872903783300924,0.753559506150302,0.811031432818041,0.75541160388795,0.745548551192657,0.880370940755622,0.757925102601789,0.81798538988405,0.755101395783964,0.805610466409928,0.818169005915409,0,0,0.811461838740344,0.814258324190257,0.871706299548312,0.816631268324252,0,0,0.815445341211124,0,0.754822352927897,0.745598840548339,0.813940751869061,0.87629156813217,0.751642094326989,0,0,0.750274578631419,0.873805766182004,0.820862005060804,0.746414942514787,0.811064472636419,0,0.880370940755622,0,0.760963137089589,0.814748399507841,0.810687885041621,0.75616164320486,0,0,0.872560288777113,0.74943747362432,0,0.814130987129479,0,0.820250896764839,0.815262158614954,0,0,0,0.753394443092086,0.8170525749007,0.811863563587632,0.754072521413571,0.815853020425412,0.880370940755622,0.750240545473953,0.754121070696644,0.815012628493679,0
"G beta:gamma signalling through BTK",0.774973231523078,0,0.864097174899574,0.777029849591038,0,0.778556149086522,0.77550549480656,0,0,0.774050618974713,0.777527207583609,0,0.693432627340775,0.77469793518148,0,0.772818741418029,0.776945407065766,0.864097174899574,0,0,0.788737207824221,0.852857440220658,0,0,0.774405816425587,0,0,0.687279708466478,0,0.773815329695874,0,0.774382749293959,0.780001254453371,0,0.689714818123378,0.778779750405295,0,0,0,0,0,0,0.854019214747287,0,0.770513933590746,0,0.68750939993293,0.864097174899574,0,0.780499804431401,0,0.763197590821857,0.782479340935695,0,0,0.772374925874223,0.774869069110821,0.852403045058213,0.781463998520795,0,0,0.77782557969117,0,0,0.687577272363063,0.774640281254048,0.858591498208692,0,0,0,0,0.855236565203431,0.784192125819339,0,0.771340316442011,0,0.864097174899574,0.703235465577708,0.70646608641033,0.775530493428199,0.770460745871889,0,0,0,0.853555621452987,0.678259590730456,0,0.777111724170204,0,0.782956873336554,0.777201681895368,0,0,0,0,0.780499804431401,0.776131038910828,0,0.77837579908877,0.864097174899574,0,0,0.776156707465977,0
"Glucagon-type ligand receptors",0.846338151495812,0,0.900991182491264,0.847599321129422,0,0.848535286151556,0.846664548652713,0,0,0.844941789251637,0.847904313488984,0,0,0.846169332894209,0,0.84501696428136,0.847547538861086,0.900991182491264,0,0,0.855378177161374,0.894098696089574,0,0,0.845990198367443,0,0,0,0,0.846227708309096,0,0.845976053025438,0.849421460903413,0,0.794055560155882,0.848420689035991,0,0,0.787769848205358,0,0,0,0.894811125284335,0,0.843603598480311,0.795632103826164,0,0.900991182491264,0,0.849727184218268,0,0.839117034118675,0.85094108550929,0,0,0.844376535981335,0.846274276499599,0.893820049611912,0.849718840975687,0,0,0.848087282727382,0,0,0,0.846263158573819,0.897614963851941,0,0,0,0,0.895557635028982,0.851862227525505,0,0.844110357111866,0,0.900991182491264,0,0.796267639629461,0.845229578813266,0.843570982440926,0,0,0,0.89452683828218,0.787030928232667,0,0.848249139840887,0,0.852064513475925,0.847704692995824,0,0,0,0,0.849475469181943,0.847048147941798,0,0.848424691022528,0.900991182491264,0,0,0.847063888541763,0
"Degradation of the extracellular matrix",0.57606365912689,0.52497771881539,0.526669141608455,0.576564216617568,0,0.60339204795129,0.576845347099974,0.525059148977281,0,0.550726976001257,0.551325690208795,0.548288846312437,0.579734134197906,0.552068655876344,0.551061882843906,0.577233894430669,0.551641209266042,0.526669141608455,0.524952860115191,0.528048216393658,0.566990772361292,0.576352601858451,0.525145312445011,0.555705782969084,0.576922616766503,0,0.577959567237329,0.549104459186462,0,0.578145506096935,0,0.5760479074589,0.579429545885561,0,0,0.579624767327486,0.526863967870324,0.581760770139899,0.57649851847325,0,0.580539746396879,0,0.57627666035411,0.550724384605426,0.524394643459201,0.552067223878737,0.549177000447743,0.526669141608455,0.554566527533395,0.527111701946519,0.552718775593864,0.601861195011439,0.552889675170639,0,0.578681316129963,0.548522034874764,0.603188354774185,0.575595506230049,0.57989151036871,0,0.577750644300889,0.577886886449042,0.553674082322895,0.551262664588504,0.549198435948871,0.579734134197906,0.551397060432567,0.579391489040062,0,0,0.578710670143225,0.550337503995943,0.528714496223611,0.577163450580498,0.578625407862897,0.57771755855206,0.526669141608455,0,0.55252754660642,0.578969565188012,0.524377845690132,0.580581338948035,0,0,0.577734249888004,0.551557051567302,0,0.576868180969145,0,0.579838428102613,0,0,0.577750644300889,0,0.525689284682566,0.551778265377922,0.553167133298664,0.577233894430669,0.603338209545836,0.526669141608455,0.578339464643935,0.580448136118696,0.552219645838208,0
"Visual phototransduction",0.808357963378166,0,0.811845579018904,0.781647034520481,0,0.782168308992863,0.781589013099497,0.782332907048147,0,0.781092131829556,0.781816896350305,0.780063467389971,0.783436421927255,0.782588720757826,0.75361135920724,0.809839147075745,0.781618195008355,0.811845579018904,0.782217966248987,0,0.785629115516866,0.808006891538632,0,0.757869143335731,0.780750852933657,0.783557068277698,0.781427579573387,0.780091412777666,0.811547191874166,0.781011773882085,0.78442968749313,0.808156296986121,0.810537764380775,0,0.75799692060087,0.783798143638425,0,0.783348564167046,0.781242042295395,0.753155867907032,0.75497051095506,0,0.808403670417998,0.754959992335596,0.781972614082519,0.752368039490253,0.779940585971781,0.811845579018904,0.782885975289493,0.78538307157735,0,0.779139929735361,0.783508190036707,0,0.755007665751002,0.782608195613893,0.781371655713389,0.835265024861877,0.783290064507943,0.784350086580245,0.753125226142189,0.781918798869046,0.753485252968413,0.755542088429297,0.779963766327479,0.783453824118926,0.809965234616882,0.783083287568846,0.755067943974107,0,0.782013103624856,0.808819430050106,0.786310157587815,0.781136475159523,0.782254847213075,0.753089447206029,0.811845579018904,0,0.757431429540664,0.78368591123696,0.781620502734129,0.785061853344147,0,0.752796736509389,0.80791139395101,0.808345888360254,0,0.781658683844801,0,0.783799923506272,0.809581631123584,0,0.753125226142189,0.757399353327077,0,0.78538307157735,0.783294711176645,0.780393156855874,0.782106714364678,0.811845579018904,0.753966325486273,0.755218839675262,0.784027438490063,0.784894845765736
"Prostacyclin signalling through prostacyclin receptor",0.774973231523078,0,0.864097174899574,0.777029849591038,0,0.778556149086522,0.77550549480656,0,0,0.77269615178356,0.777527207583609,0,0,0.77469793518148,0,0.772818741418029,0.776945407065766,0.864097174899574,0,0,0.789715007429461,0.852857440220658,0,0,0.774405816425587,0,0,0,0,0.774793129301115,0,0.774382749293959,0.780001254453371,0,0.689723428129042,0.778779750405295,0,0,0,0,0,0,0.854019214747287,0,0.770513933590746,0,0,0.864097174899574,0,0.780499804431401,0,0.763197590821857,0.782479340935695,0,0,0.772164268272437,0.774869069110821,0.852403045058213,0.780486198915554,0,0,0.77782557969117,0,0,0,0.774850938855834,0.858591498208692,0,0,0,0,0.855236565203431,0.783981468217553,0,0.771340316442011,0,0.864097174899574,0,0.693330716547576,0.775319835826413,0.770250088270103,0,0,0,0.853555621452987,0.67826820073612,0,0.778089523775445,0,0.784311340527707,0.777201681895368,0,0,0,0,0.780499804431401,0.776131038910828,0,0.77837579908877,0.864097174899574,0,0,0.776156707465977,0
"Degradation of cysteine and homocysteine",0,0,0,0,0,0,0,0,0,0,0,0,0.565690595692349,0,0,0,0,0,0,0,0,0,0,0,0,0.585594562727642,0,0.685795853451701,0,0,0,0,0,0,0,0,0,0,0,0,0,0,0,0,0,0,0.686139987753979,0,0,0,0.701540051724766,0,0,0,0,0,0,0,0,0,0,0,0,0,0.68624167734545,0,0,0,0,0,0,0,0,0,0,0,0,0,0,0,0,0,0,0,0,0,0,0.462288575110536,0,0,0,0.821044002910595,0,0,0,0,0,0,0,0,0.464626734102069,0,0,0
"Inwardly rectifying K+ channels",0.748872795574176,0,0.818729224101392,0.75048479777728,0,0.751681129846733,0.744734378647607,0,0,0.748149640660901,0.750874633008355,0,0,0.748657014960326,0,0.747184080080517,0.750418610701081,0.818729224101392,0,0,0.760427578452423,0.809919383641958,0,0,0.748428048733973,0,0,0,0,0.748731629266679,0,0.748409968436234,0.752813820972699,0,0.681992678116018,0.751534654069139,0,0,0,0,0,0,0.810829996616537,0,0.745377543731745,0,0,0.818729224101392,0,0.753204590496444,0,0.7396429054701,0.754756175234397,0,0,0.746836212070636,0.748791151811216,0.809563223198582,0.753960337526258,0,0,0.751108500687641,0,0,0,0.74877694109731,0.814413807887976,0,0,0,0,0.8117841706792,0.755350123886425,0,0.746025272640481,0,0.818729224101392,0,0.684820114560586,0.74930958421897,0.75012867033791,0,0,0,0.810466626565773,0.673013931851883,0,0.75131538326442,0,0.756192118749829,0.750619482022966,0,0,0,0,0.752882853291315,0.749780299057152,0,0.751539769329564,0.818729224101392,0,0,0.816738512497151,0
"G beta:gamma signalling through PLC beta",0.774973231523078,0,0.864097174899574,0.777029849591038,0,0.778556149086522,0.77550549480656,0,0,0.774050618974713,0.777527207583609,0,0,0.77469793518148,0,0.772818741418029,0.776945407065766,0.864097174899574,0,0,0.788737207824221,0.852857440220658,0,0,0.774405816425587,0,0,0,0,0.773815329695874,0,0.774382749293959,0.780001254453371,0,0.68970622423577,0.778179204922666,0,0,0,0,0,0,0.854019214747287,0,0.770513933590746,0,0,0.864097174899574,0,0.780499804431401,0,0.763197590821857,0.782479340935695,0,0,0.771774380391594,0.774869069110821,0.852403045058213,0.781463998520795,0,0,0.77782557969117,0,0,0,0.774250393373205,0.858591498208692,0,0,0,0,0.855236565203431,0.784192125819339,0,0.771340316442011,0,0.864097174899574,0,0.693313512654303,0.775530493428199,0.770460745871889,0,0,0,0.853555621452987,0.678250996842848,0,0.777111724170204,0,0.784311340527707,0.777201681895368,0,0,0,0,0.779899258948771,0.775530493428199,0,0.77837579908877,0.864097174899574,0,0,0.776156707465977,0
"G beta:gamma signalling through CDC42",0.774973231523078,0,0.864097174899574,0.777029849591038,0,0.776223882290128,0.77550549480656,0.687029787489659,0,0.774050618974713,0.777527207583609,0.689177074592776,0,0.77469793518148,0,0.772608083816243,0.776945407065766,0.864097174899574,0.689574944527126,0,0.787334975450726,0.852857440220658,0,0,0.774405816425587,0,0,0.684031516546692,0,0.77241309732238,0,0.774382749293959,0.778255269310203,0,0.68970622423577,0.778779750405295,0,0,0.683835719086194,0,0,0,0.854019214747287,0.695073097990648,0.770513933590746,0,0.68002503539579,0.864097174899574,0,0.780089326984206,0,0.763197590821857,0.782479340935695,0,0.69652087883469,0.772374925874223,0.774869069110821,0.852403045058213,0.77908396654206,0,0,0.77782557969117,0,0.696777484108157,0.680092907825923,0.774640281254048,0.858591498208692,0.688249113335299,0,0,0.688975103682384,0.855236565203431,0.784192125819339,0.68119435012816,0.770929838994816,0,0.864097174899574,0,0.77924834138846,0.775530493428199,0.770460745871889,0,0,0,0.853555621452987,0.678250996842848,0,0.77570949179671,0,0.781979073731313,0.777201681895368,0,0,0,0,0.780499804431401,0.775720561463634,0.691937826282089,0.776043532292376,0.864097174899574,0.692654455579688,0.695831006894444,0.776156707465977,0
"GPCR ligand binding",0.916072625481478,0,0.931550477954793,0.917035807552253,0,0.917508693000298,0.916785580694736,0.901475295076734,0.889369211219339,0.915921176198782,0.917117450178241,0.916956941794633,0.917216821613967,0.916875357013875,0.90228915977446,0.916468301277686,0.917021946089059,0.931550477954793,0.916432396908862,0.903520589639823,0.918373265744808,0.929705445868647,0.902011759718763,0.903380087353996,0.916605065588704,0.901820749592009,0.917919268831369,0.901601523785383,0,0.915923800101815,0,0.916044421833357,0.917120328065211,0,0.902869748044899,0.915394959230832,0,0.918714866230903,0.901292386116353,0,0.902380532751795,0,0.929896154220733,0.902043097531127,0.930368271817869,0.902725131701292,0.901639228245286,0.931550477954793,0.918492526869815,0.91782774915048,0.902511978185056,0.914987545161426,0.917930355926507,0,0.903748602332703,0.91539478961409,0.916681109738558,0.9296277811042,0.917242415193663,0,0.902060682119655,0.917166428746489,0.902394234297442,0,0.901650369683668,0.916865892969657,0.930646706607798,0.901432522589962,0,0,0.916333931452448,0.930090083369655,0.918198605686577,0.902320961576779,0.916324195043923,0.902043485282048,0.931550477954793,0,0.903730839646655,0.915777368659513,0.916566980932528,0.90374126365432,0,0,0.929820054159002,0.901709223807347,0,0.916464911947199,0,0.918231083490424,0.91728635363921,0,0.902060682119655,-0.010486526121867,0.902294497833,0.915917872531218,0.917043223814703,0.917284026782679,0.917479088072594,0.931550477954793,0.901417682949233,0.902167510276252,0.917029214020671,0
"Integration of energy metabolism",0.807774296897133,0.771916804838123,0.845111539569339,0.809552697402434,0,0.810548707144721,0.809335304135905,0.811129323313976,0.773394641353136,0.807091003941959,0.809750522402994,0.809444975278507,0.846393537790356,0.81129052159626,0.806706486337554,0.808176778113272,0.809519110242161,0.845111539569339,0.772359546665028,0,0.814176605389924,0.840640915688009,0,0.812555123819287,0.808508983678757,0.807998673205574,0.777216931677247,0.771207662447934,0.743049644723171,0.810129442855065,0,0.808194261562824,0.810967773358682,0.780224474001024,0.81306045470592,0.81316207153099,0,0.778194894770135,0.778042633742795,0,0.782171874505333,0.813860283169359,0.841060297382117,0.774546446701322,0.842246982888687,0.776898171646478,0.771299022625428,0.845111539569339,0.777656153105476,0.811621673076852,0.780091416830274,0.809111192473324,0.810947474344615,0,0.774739606923787,0.811599750903041,0.808387696109932,0.840460179227335,0.810578430125146,0.814292693717444,0.74498805342155,0.809869200424112,0,0.779295912868179,0.77132601900174,0.809233835880644,0.845368982776788,0.807558788200544,0.811145070122163,0.808613130801617,0.772120958933012,0.84158721675903,0.815069274676755,0.807142647205691,0.807978470909194,0.744946384448166,0.845111539569339,0.810003914072207,0.78056201731224,0.809091655083841,0.840193068625218,0.775869448743697,0,0,0.843774131166821,0.779003503977968,0,0.809552549187498,0.779732873739835,0.811488545882108,0.809602045314488,0.779274244372956,0.74498805342155,0,0,0.810543069031183,0.809330523086794,0.777581949910841,0.810476972621622,0.845111539569339,0.771370839445568,0.775165232558064,0.810025832682935,0.743008231784854
"GABA receptor activation",0.797709714879093,0,0.581086462583135,0.79811351117414,0,0.531893119045901,0.792937880725079,0,0,0.526331485703613,0.53052245693889,0,0,0.529438259542534,0.217604947514949,0.528248258539231,0.530187872305699,0.581086462583135,0,0,0.536941688630883,0.574622662037468,0,0.48347906910393,0.529506325826594,0.47788807222365,0,0,0,0.528360343363962,0,0.797370137525728,0.531355456964303,0,0.480400482859885,0.530661612143202,0,0,0.474098632240954,0,0,0.536118770862306,0.575290780906258,0,0.528593025344678,0,0,0.581086462583135,0,0.532774826347253,0,0.52438550784246,0.533370353546581,0.221495886885393,0,0.528338391544416,0.529772735403433,0.842238423543198,0.532196658840618,0,0,0.53069404620205,0,0,0,0.52952624962967,0.577920231616354,0.476527975601745,0.532193011048476,0,0,0.575990860647236,0.533843485559526,0.526406153527423,0.527507344048502,0,0.581086462583135,0,0.176295920529964,0.529244246376414,0.528562437896131,0,0,0,0.575024175450322,0.474816845243448,0,0.530256049713852,0,0.534423908661607,0.528922547577152,0,0,0,0,0.531650789065088,0.530153110473284,0,0.531789402503902,0.581086462583135,0,0,0.532066771760269,0
"Interaction between L1 and Ankyrins",0.80481266434614,0,0.814713294178046,0.807550368577438,0,0.808807618640415,0.757701421845886,0,0,0.805541614786376,0.807960054467614,0.807960054467614,0,0.728392609428049,0.877381981923016,0.810234152864108,0,0.814713294178046,0,0,0.744717459859278,0.738692555798202,0,0.819927235468205,0.879174438848586,0,0,0,0,0.741428874819226,0,0.808891396527405,0.811113694731817,0,0,0,0.808503712017241,0,0,0,0,0,0.739649537767397,0.738748388736108,0.809303217366775,0,0,0.814713294178046,0,0,0,0.801916077970411,0,0,0.739611635109584,0.738688710665788,0.80621579209444,0.738318259437435,0.812318592640995,0.815551879802615,0,0.808651141856615,0,0.740152333086424,0,0,0.808689205349317,0,0,0,0,0.740652298983121,0.820047997578906,0.739808494042892,0.74362157781259,0,0.814713294178046,0,0,0.738369263838942,0.809259405347521,0,0,0,0.805584648877458,0.734464867044036,0,0.735141265868916,0,0.813548309981322,0,0,0,0,0,0,0.738863947777506,0.810234152864108,0.808659059955371,0.814713294178046,0.735610125065808,0.739372696756813,0.879347828338314,0
"Integrin cell surface interactions",0.837802922530097,0,0.83843498490118,0.871321367579329,0,0.898293454434093,0.86746029797555,0,0,0.867676209170237,0.868490823431844,0.836456010321225,0.838266408076157,0.84070019026714,0.839444226676439,0.898906311580959,0.867009333753861,0.83843498490118,0,0,0.842465537007525,0.834537637564886,0,0.813026220981355,0.867071141149747,0,0.869884778522405,0.836553407220013,0.840392050689347,0.868927706382104,0,0.835373838439647,0.869276147940598,0,0.810780370146731,0.83806170205629,0.84132276013941,0.842881226270177,0.866965600543529,0,0.841657038307451,0,0.837504256858339,0.83860059186904,0.835886369453956,0,0.836634690987654,0.83843498490118,0.869289200097864,0.81016249673213,0.840250124613517,0.895501555707456,0.83812508319344,0,0.869737445444245,0.838908779222103,0.896970558186665,0.837278348920335,0.873952463622369,0,0.868237228352209,0.867013067219422,0.843458016831353,0.838245281442884,0.836658709846192,0.837383700579495,0.868682908061664,0.838250957152853,0,0,0.808583647885807,0.837265304184108,0.87349264544787,0.868340029945762,0.869978178965284,0.870294693854529,0.83843498490118,0.808038003121579,0.843262770792528,0.869644153124301,0.835867547256303,0,0,0,0.871059476203259,0.836350190127968,0,0.871067006420851,0,0.838860219927214,0,0,0.868237228352209,0,0,0.839367203156606,0.838240090855457,0.898906311580959,0.898229631743865,0.83843498490118,0.868138062514495,0.837910339813989,0.840869377192752,0
"G alpha (z) signalling events",0.771062751242293,0,0.830977751480725,0.770877441963955,0,0.773471425034488,0.771420573770657,0,0,0.768874606403444,0.771869140316566,0.771211798850719,0,0.770601728814848,0.707000767197269,0.773067758448744,0.770820674122114,0.830977751480725,0,0,0.779373131846119,0.82342165958831,0,0.716885929409629,0.823731257277574,0.710350132721731,0,0.768678729151371,0,0.770284333169388,0,0.770665790094052,0.77284290562599,0,0.780062584221818,0.772031810792497,0,0,0.708483810252667,0,0.715143638033038,0.778411152553079,0.824202681145514,0.713706908506775,0.771518314424058,0.777124705526505,0.768833142923314,0.830977751480725,0,0.774502128464175,0.778411152553078,0.766599785663603,0.829158813606681,0,0.776148789026821,0.769174380648986,0.770082164098984,0.823116185153105,0.774768931984761,0,0,0.771412384285097,0,0.714852709407949,0.768878771252959,0.770576811703701,0.827276472029328,0.773704569743954,0.773821994566031,0.715847110429196,0.772255355710261,0.825021064512618,0.775834906752426,0.76961923350475,0.768344515770245,0,0.830977751480725,0,0.718576764928382,0.770374930153414,0.772139899592917,0.778462569554929,0,0,0.823891023118656,0.771704282430654,0,0.772500387219881,0,0.775772541021272,0.772560862743298,0,0,0,0,0.773188144696493,0.771437379494964,0.773067758448744,0.77335018185618,0.830977751480725,0,0.714216424922132,0.771858361924614,0
"Class B/2 (Secretin family receptors)",0.886869343764165,0,0.919529277272524,0.888436658740092,0,0.888981715657956,0.887892296298109,0.854667384300767,0.826329789987653,0.886889051617843,0.888614270287045,0.858484211252286,0,0.887603908624826,0.855871991326763,0.886857601659974,0.888406503464081,0.919529277272524,0.886640259690981,0,0.891236816725235,0.915515454847879,0,0.832942699899575,0.887499590075806,0.856064405716139,0.856752588894448,0.854376055958666,0,0.885908063799979,0,0.887491352570843,0.889497777334956,0,0.857255581844133,0.88878238048328,0,0.85873173861829,0.854204285778577,0,0,0,0.915930336229031,0,0.886109759528838,0.858173678154873,0.854458081094057,0.919529277272524,0.858248044746451,0.889675814551918,0,0.88349701985917,0.889899033097347,0,0.801424952578931,0.886559877772626,0.887665022274109,0.91535318576015,0.889396629094906,0,0,0.888720821970908,0,0,0.854482319022252,0.887583319826833,0.917563144690573,0.855219827316462,0,0,0.886426050485637,0.916365064334196,0.890847794067437,0.855228944433302,0.886404869165721,0,0.919529277272524,0,0.85854378085951,0.886444460804787,0.886015537708227,0,0,0,0.915764782395801,0.854610354736737,0,0.887085239457547,0,0.891036952469558,0.888498021786117,0,0,0,0,0.889529228922504,0.888115684396232,0.85564496205953,0.888917310857848,0.919529277272524,0,0,0.888124850895726,0
"Peptide hormone metabolism",0.651070976055115,0,0.690446131038443,0.651352712397456,0.614021827996935,0.651574015389651,0.651721111897893,0.613817215356137,0,0.653170065896228,0.65259153123604,0.65259153123604,0.579310254688254,0.65458919296914,0.687618817353934,0.653780133141057,0.61626051079121,0.690446131038443,0.612056980985329,0.618155197736411,0.620733589924868,0.723209606192284,0.614618852279629,0.58234715163413,0.651247661198364,0.615230005944988,0.655698645909637,0.610702529804798,0,0.64882620101818,0,0.651237729976841,0.653215154348877,0,0,0.654396239985258,0,0.583131228511723,0.651468291350445,0,0.687139579710651,0,0.683356829372387,0,0.65278783130355,0.617197004773013,0.610380442612977,0.690446131038443,0.582548082157083,0.657087104269824,0.616474037522481,0.651861212882219,0.65472360097595,0,0.580408488644103,0.652331615739535,0.653249458083205,0.685411391745963,0.653844917754193,0,0.578649961788255,0.652719991052554,0.613408483846428,0.578553666835902,0.6104096641109,0.654655066498989,0.688075741181026,0.652081919479099,0,0.581002552931483,0.613414066448883,0.683880942090256,0.657925071326876,0.650125947390019,0.652722640999428,0.57860485833418,0.690446131038443,0,0.621703509680019,0.554127194753316,0.652343954549904,0.65739727088509,0,0,0.685907616923986,0.652485952215106,0,0.652392086220563,0.658421959398322,0.655091364485965,0.653034527190818,0.580857236992163,0.578649961788255,0,0.614939433491592,0.655446340696815,0.65803323377543,0.654363279495696,0.651496368293851,0.690446131038443,0.580932879681311,0,0.655378173226645,0
"Phase 2 - plateau phase",0.54720452706565,0,0.56217441088747,0.541423661896236,0,0,0.566571420499803,0,0,0.539961700350577,0,0.551067284546781,0,0.559563835115615,0.552717134084361,0.546351385277254,0.410824482342281,0.56217441088747,0,0,0,0.564211687765063,0,0.574956543456159,0.546346340903841,0.560252459194269,0,0.404526712444848,0,0.550459565332837,0,0.557143772509492,0.417494856390227,0,0.430414224258573,0.565901029188079,0,0,0,0,0,0,0.547406939421247,0,0.674159957891205,0,0,0.56217441088747,0,0,0,0.536406240781397,0,0,0,0.556050402973859,0.54119956410155,0.563524438444191,0.419707181586512,0.570979576818897,0,0.673921638713982,0,0,0,0,0.693713600482301,0.5566754628623,0.421861826817893,0.423804333058905,0,0.567809991980899,0.566597016018752,0,0,0,0.56217441088747,0,0,0,0.683338196784104,0,0,0,0.546705778398857,0,0,0.54968127772372,0,0.421965077990508,0.413537024737718,0,0,0,0,0,0,0,0,0.56217441088747,0.416963785668994,0,0.681686053798747,0
"ADP signalling through P2Y purinoceptor 12",0.774973231523078,0,0.864097174899574,0.775675382399885,0,0.778556149086522,0.77550549480656,0,0,0.774050618974713,0.776172740392456,0,0,0.774287457734286,0.685996135236397,0.772408263970834,0.775590939874612,0.864097174899574,0,0,0.787969022286293,0.852857440220658,0,0.700700376808222,0.774405816425587,0.690978337725948,0,0,0,0.773047144157947,0,0.774382749293959,0.778255269310203,0,0.69534710324652,0.77782473466542,0,0,0,0,0,0,0.854019214747287,0,0.770513933590746,0,0,0.864097174899574,0,0.780089326984206,0,0.763197590821857,0.781124873744542,0,0,0.772374925874223,0.774869069110821,0.852403045058213,0.77908396654206,0,0,0.776471112500016,0,0,0,0.77444046140864,0.858591498208692,0.688613301079179,0,0,0,0.855236565203431,0.783781648372145,0,0.770929838994816,0,0.864097174899574,0,0.699722577202982,0.775530493428199,0.770050268424694,0,0,0,0.853555621452987,0.685637860996766,0,0.776343538632277,0,0.782956873336554,0.776223882290128,0,0,0,0,0.779544788691525,0.775530493428199,0,0.77837579908877,0.864097174899574,0,0,0.776156707465977,0
"Signaling by GPCR",0.924000169713672,0.915519130029179,0.933458400160072,0.924262442544364,0,0.93281205932263,0.924456240121544,0.924719777712421,0.915719796730633,0.924261672833059,0.924600653686543,0.924653364946986,0.925257419135965,0.924601894898872,0.916266738994151,0.924869837668077,0.924457113946499,0.933458400160072,0.924389763596027,0.916788826214422,0.924994737257012,0.932314532419978,0.915892606918604,0.916750608446369,0.932398459804833,0.916259939253187,0.92522497082991,0.924422697608059,0.917169913033662,0.924655570609603,0.917655400898481,0.924137139354236,0.924603954849042,0,0.925384455364004,0.923848425218059,0.916331624621616,0.925569615753137,0.924080704798778,0,0.917113814656036,0.92583426523272,0.932416503364911,0.925127709028524,0.932756189833541,0.925088253871913,0.924445093415586,0.933458400160072,0.925601476636927,0.925139391155704,0.925834265232719,0.924101689362832,0.933194585721643,0.908950314929226,0.92531670304118,0.924780573814532,0.924341474891019,0.932873447505456,0.924993039281474,0.9254598147575,0.916555474288749,0.924629746122564,0.916526193560918,0.925257172647537,0.92445171124038,0.933179064643221,0.932921575360352,0.92515163361653,0.925168664634431,0.917166733022546,0.924382014914764,0.933095999502844,0.924851416757233,0.92446376688218,0.924915119854696,0.916545259659866,0.933458400160072,0.916955501302714,0.925185310290572,0.924644945932407,0.924829358317712,0.925746383384482,0,0.91704202410264,0.917361398789197,0.924672082337806,0,0.924787547489694,0,0.932730847762383,0.93281205932263,0.907982961986371,0.916555474288749,0.917851715669356,0.916060548546818,0.924155085258143,0.925005264766035,0.924869837668077,0.93279447449939,0.933458400160072,0.924893721680734,0.925164887453688,0.924809964956519,0
"G-protein beta:gamma signalling",0.812623574253325,0,0.889004114069072,0.813225327956886,0,0.814533389236143,0.813079731772576,0.81328138175192,0,0.811832881631173,0.813651571124715,0.813651571124715,0.742742068471695,0.812387641210151,0.733045852819686,0.81601757622209,0.813152959461739,0.889004114069072,0.739435977150088,0,0.8211061186049,0.879371494936245,0,0.745647605685273,0.879766174708215,0,0,0.808088052045865,0,0.809966193245998,0,0.812117522235169,0.814429633658153,0,0.741354372152091,0.815371140952222,0,0,0.734517375922462,0,0,0,0.880367152916877,0.816544155319699,0.808801889862275,0.739019312272713,0.808284901035418,0.889004114069072,0.824096696150882,0.81654146647281,0,0.805269076892019,0.81789562277169,0,0.817905597490923,0.809882111443709,0.812534305522889,0.878982071550314,0.818186257728961,0,0,0.81390728044118,0,0.745608660274303,0.80834306871355,0.886548881580944,0.884285667580185,0.736499436847141,0,0,0.738921904659698,0.881410440292441,0.820524303240126,0.808280325483018,0.811484475837108,0,0.889004114069072,0.751143246066592,0.816287406742312,0.813101155961667,0.808756307199256,0.739886852629545,0,0,0.74755642111389,0.735176711483397,0,0.811142906885667,0,0.816962642827568,0.814533389236143,0,0,0,0,0.816845252734631,0.812387641210151,0.81601757622209,0.814378826616244,0.889004114069072,0.742075163744085,0.7447975152804,0.813637830669198,0
"Phase 0 - rapid depolarisation",0.701738804626344,0,0.710153421339263,0.696004572416679,0,0.620832371873714,0.78065351225742,0.622168705486021,0,0.696611906668973,0.617536563818559,0.704076859298901,0,0.615078605839881,0.705075482287581,0.699331998286067,0.619357807187649,0.710153421339263,0,0,0.63228778043699,0.700797766675251,0,0.718536579767979,0.707067552597988,0.709636473281325,0,0.615545885158552,0,0.700603501794758,0,0.701198243672704,0.624287136285916,0,0.634101078248791,0.713055446781941,0.706761404545979,0,0.619665203917044,0,0.627065726521573,0,0.701158080379174,0,0.778639413744223,0.625588451227724,0,0.710153421339263,0,0,0,0.695202804417728,0.624876255216186,0,0,0.706197914176718,0.697361162386188,0.700381787547976,0.626423922220214,0.712054384298179,0,0.778495163614986,0,0,0,0.62733141210235,0.780422802304292,0.707471384474034,0,0,0,0.702272512094534,0.712733763802693,0.621493862405093,0.625731582631643,0,0.710153421339263,0,0,0.625352631773114,0.773912169116173,0.6265151513016,0,0,0.700733680759829,0.621013429628714,0,0.701779901446197,0,0.623574105055188,0.620832371873714,0,0,0.633965528330751,0,0,0.623096177800983,0,0.620667269247477,0.710153421339263,0.62134462356889,0,0.704479911602948,0
"Cardiac conduction",0.744597705075567,0.709138214372817,0.748268254979569,0.742523523976469,0,0.763327096542009,0.776566308455489,0.712631972584069,0,0.74170971589738,0.713457752588518,0.746368437005415,0,0.707118676925986,0.746032943935947,0.743920707544962,0.711691831357734,0.748268254979569,0.695433859309158,0.699919003442113,0.717517947352947,0.75787923009542,0.727373179712955,0.751823101742221,0.743040169084472,0.747994809054689,0.731977832278497,0.710970558415384,0,0.74487440666384,0,0.74210323108728,0.713692917524105,0,0.748712170431786,0.764672905400294,0.747523167564442,0,0.725498915706712,0,0.714000230989192,0,0.755869181759414,0,0.778539970109523,0.72843494738884,0.706733933822458,0.748268254979569,0,0.698698123861289,0.685326542767779,0.75442048939864,0.713568462312993,0,0.712591445776873,0.746515746900145,0.755228556917106,0.742065199929445,0.747501225959368,0.74847291231701,0,0.743196199790752,0.715460811063694,0,0.70676066026593,0.713920163103097,0.777657701683737,0.747063517540228,0.711799496266524,0.712305238909555,0.697085791748842,0.742830373675061,0.748644373125024,0.722937446093012,0.71388219543675,0,0.748268254979569,0.684078467415085,0,0.71326336024406,0.775473309010079,0.762480569439997,0,0.714598099860032,0.744117258297362,0.713127785712225,0,0.748041605318463,0.715136264119492,0.71612917226924,0.744838530221981,0.683574344121141,0,0.717399305932244,0.696977814679808,0,0.716733380598231,0.764009039518856,0.763256079281972,0.748268254979569,0.779729735502682,0,0.780375782874468,0
"Activation of kainate receptors upon glutamate binding",0.803471054162583,0,0.879159454455647,0.805217634550304,0,0.806513842536672,0.803923078107386,0,0,0.802687526580314,0.805640015219342,0,0,0.802727246560787,0.730089427271566,0.801641356066645,0.80514592183863,0.879159454455647,0,0,0.815160094261541,0.869614123477956,0,0,0.802989177582574,0,0,0,0,0.802487707447018,0,0.802969587849151,0.806910701385191,0,0.736880445846375,0.806193723164919,0.739900958062693,0,0.728351868523798,0,0,0,0.870600759078789,0,0.7996840008283,0,0,0.879159454455647,0,0.80798558875791,0,0.793470605648583,0.809845608433209,0,0,0.8035719683914,0.803382594360921,0.869228228940042,0.808983330124799,0.744597347694924,0,0.805893407368048,0,0,0,0.802857184744759,0.874483765235936,0.670278702574606,0,0,0.730269199807373,0.871634592470028,0.811121288196618,0,0.800206904746008,0,0.879159454455647,0,0.734114352722881,0.803944308156347,0.799459930511305,0,0,0,0.870207053038606,0.721322529527379,0,0.805287166436876,0,0.811401431853984,0.804533167802275,0,0,0.67758129850752,0,0.807654476950278,0.803790385575945,0,0.806360680520882,0.879159454455647,0.669044686146002,0,0.804476119664733,0
"The canonical retinoid cycle in rods (twilight vision)",0.764494102063113,0,0,0.766846871569311,0,0.768592957031771,0.765103010854762,0,0,0.664312009512309,0,0.767415848734694,0,0.772723942805127,0,0.7705741465684,0.667623644887703,0,0,0,0,0.763318135335854,0,0,0,0,0.772572910808748,0.760086578458641,0,0,0.774888727854856,0.763818590841916,0.673500759569486,0,0,0.777393536317963,0,0.782908191929486,0,0.568355239893434,0,0,0.764647204511077,0,0,0,0,0,0.781358682492545,0,0,0.759567557600883,0,0,0,0,0.764374940342681,0.762798307615473,0,0.781358682492545,0,0,0,0,0,0,0.769877893314834,0,0,0,0,0.766039852507411,0,0.763587168510536,0,0,0,0,0,0,0.767876601456288,0,0,0,0.764116854134845,0.766353783039867,0,0,0,0,0.669466332534878,0,0,0,0,0,0,0.7705741465684,0.768386636771455,0,0,0,0,0
"Activation of the phototransduction cascade",0.706490717428885,0,0.837629359633676,0.709516863835208,0,0.711762689545478,0.707273899609193,0,0,0.705133168017471,0.710248685715664,0,0,0.717075988497918,0,0.71431090754164,0.709392613519422,0.837629359633676,0,0,0.730175031480072,0.821091003175316,0,0,0.705655812210013,0,0,0,0,0.708218700075051,0.59983830705533,0.705621870799807,0.831994854408126,0,0,0.723082047991055,0,0,0,0,0,0,0.822800460008109,0,0.710919570067534,0,0,0.837629359633676,0,0.725612967752417,0,0.700154166066459,0.717535347629469,0,0,0.713657869024727,0.706337450901455,0.820422397609069,0.718034342187059,0,0,0.71068771603204,0,0,0,0.717301120974635,0.829528203666971,0.71371173648644,0,0,0,0.824591692306164,0.731045918708734,0,0.712135525297414,0,0.837629359633676,0,0,0.718301030320517,0.710841308660232,0,0,0,0.822118320138096,0,0,0.713069076743292,0,0.720230986196552,0.827875510827701,0,0,0,0,0.725612967752417,0.71918468420959,0,0.71149731917551,0.837629359633676,0,0,0.71777945613432,0
"Thrombin signalling through proteinase activated receptors (PARs)",0.794052350049647,0,0.8728946076538,0.798461108383119,0,0.796573327539135,0.795164098412847,0.713967894500147,0,0.793920331031858,0.796235733707813,0.721156556653521,0.719527725703579,0.79646756431951,0.716370578031282,0.794680958959588,0.795738354831557,0.8728946076538,0.7233312288625,0,0.806405522794096,0.863285804580303,0,0,0.793567269210244,0.717032151292453,0,0.711380889585891,0,0.793648870389218,0,0.794204267879438,0.798101275219024,0,0.723793846621972,0.798484610319382,0,0.723417554999121,0.721557735327782,0,0.720387683403148,0,0.864279000857715,0.71949176988312,0.792890678521665,0.721628720382999,0.711406657935832,0.8728946076538,0.725857317764187,0.801076643057074,0,0.786635967098954,0.803119856180765,0,0.722627118702748,0.793009152099284,0.794620020696071,0.862897344019782,0.796207929815578,0,0,0.796490810798694,0.716363801327359,0,0.711464681797952,0.796418276213435,0.868187827234128,0.7186079823751,0,0,0.722818427384777,0.865319708769304,0.804070705082474,0.712406300304202,0.793083745961764,0,0.8728946076538,0.719232409844645,0.735663919429936,0.797179314949615,0.792331804689218,0.722494115799569,0,0,0.863882676851999,0.714000819711187,0,0.796466944504065,0,0.802035461134345,0.798608007115263,0,0,0,0,0.800202404043103,0.79646756431951,0.723516711948573,0.796419147065823,0.8728946076538,0.718410816410358,0,0.797484182372048,0
"Glucagon-like Peptide-1 (GLP1) regulates insulin secretion",0.808469758621467,0.739162624777117,0.878099755907974,0.812363379125558,0,0.813515744819145,0.811212481700979,0,0,0.808353165259864,0.812738887529882,0.747831732062826,0,0.810149353511598,0.745049182635718,0.808874052991038,0.812299624489268,0.878099755907974,0,0,0.821202508032023,0.869613685718389,0,0.753364167428584,0.810382217625048,0.746023966934989,0,0.740642510332427,0,0.811697272501602,0,0.808023940834379,0.813868563600576,0,0.748462412336497,0.81309430806769,0,0,0.747299164444068,0,0,0.821202508032023,0.870490832773822,0,0.810742267044267,0.741484357724193,0.738029118996695,0.878099755907974,0.69141334975059,0.814673303749543,0,0.805798367258215,0.816477779275504,0,0.744805165269076,0.814488188853911,0.808971100246774,0.869270614520317,0.813914250309083,0,0,0.812964160342783,0,0,0.73808036310721,0.810559240041338,0.873942935469176,0.750631304787422,0.816048531962954,0.743581275228555,0,0.871409940004665,0.806614512953088,0.80845119371685,0.807757832859965,0,0.878099755907974,0.749902397208318,0.757996246723616,0.810510312942702,0.810702109982883,0.746981570737845,0,0,0.870140816928498,0.735396807241276,0,0.81242519494643,0,0.815520089498042,0.811754868757529,0,0,0,0,0.814392959647319,0.811374858376187,0.749916116906489,0.813379579439505,0.878099755907974,0.737469154902652,0,0.811704151343904,0
"Interleukin-4 and Interleukin-13 signaling",0.546355133369649,0.54586002955915,0.549452665657394,0.549032301841936,0.511273278329118,0.547636252648176,0.547101352515117,0.548885256724569,0.54924570326641,0.575715115510921,0.579111435813814,0.580033868646276,0.547469259015506,0.512737212373231,0.510089624426868,0.548992860918305,0.547135146820411,0.549452665657394,0.547525891527996,0.55233461593767,0.551065114836608,0.577694753842566,0.548699243189442,0.484035896214708,0.547221015384188,0.511201509468323,0.581430065259983,0.545739035346661,0.513738592265471,0.546819605447436,0,0.54612159225164,0.547223236760985,0,0.546932935184245,0.548577965220388,0.512132393677919,0.551566205273676,0.547621973480542,0,0.581765206188214,0,0.577380788925373,0.513886312253771,0.547545584206554,0.54851361936231,0.544888556022182,0.549452665657394,0.551030501121157,0.549838857603481,0.55121406629482,0.579378444280488,0.547816589917564,0,0.548928104898675,0.547894894982256,0.610340662016912,0.545768854831576,0.54907126650867,0.51572245776522,0.549190039180157,0.547483263137619,0.548116304152624,0.511899908200116,0.544915400188584,0.546161240828896,0.547829715928661,0.511692695107742,0.511991447069004,0.513694123105129,0.54728864899198,0.546502809264489,0.551163783828288,0.54657728791828,0.579618607748052,0.549148605143146,0.549452665657394,0.55085758738655,0.515258327827274,0.547508381732719,0.546182856941677,0.549544373313664,0,0.512675785884733,0.547701737880177,0.547654993342352,0.515479339609735,0.549064683986245,0,0.548893301477629,0.51146236145403,0.511726556001132,0.549190039180157,0,0.549380472015192,0.54446973364238,0.548742559289837,0.547766603685178,0.548209589061012,0.549452665657394,0.547233311879438,0.511525567812277,0.511682413590655,0.5140841414999
"Glycosaminoglycan metabolism",0.552660039952528,0,0.528804374276802,0.550226511514917,0,0.550126770057743,0.493402408334918,0,0,0.524665389071968,0.525957739280519,0.579558853293773,0.510034765034746,0.495150839356687,0.494559438208796,0.539851046750302,0.493937666059607,0.528804374276802,0,0,0.51299050467873,0.507966421282571,0,0.514628078930054,0.524797426408379,0.479901556466562,0.540269770804102,0.492389801049887,-0.0237471061614619,0.509024347293685,0,0.552440540345932,0.507715964290898,0,0.501016849022271,0.51149521980708,0,0.543758634570221,0.509274978177793,0,0.496155943170555,0,0.525058100164517,0.508633136155044,0.526127227020217,0,0.491747280905691,0.528804374276802,0.54325513928968,0.529839268827654,0,0.551105578370805,0.527798592855763,0,-0.0237471061614619,0.507154066334603,0.584081708561136,0.552109011039249,-0.0237471061614619,0,0.510883894417679,0.526068652965976,0.509767447741989,0.509266706589227,0.491772511083634,0.508074473162426,0.526757752366615,0.495532315705454,0.49665042305014,0,0,0.538184779276406,0.531211813253396,0.508293103671548,0.526434417824283,-0.0237471061614619,0.528804374276802,0,0.513827944568967,0.572319473546454,0.526107455581232,0.510102957226755,0,0,-0.0237471061614619,0.506552784871194,0,0.526670264023428,0,0.508978983221505,0.496868773270719,0,0.510883894417679,0,0,0,0.52821527022823,0.550770534824687,0.70350490086934,0.528804374276802,0.510116062738836,0.508914873179488,0.495328558719663,0.480807087080114
"WNT ligand biogenesis and trafficking",0.803176170378453,0,0.815166219282075,0.806158185017842,0.669900805276627,0.807463233965715,0,0.732223937679263,0,0.727123381546441,0.727843916871537,0.731710714438386,0,0,0,0.730204473301083,0.729598544621397,0.815166219282075,0.807200092036175,0,0.818162642811088,0.80555578308623,0,0,0.728475326158839,0.733036624114743,0,0.726038190396516,0,0.805403822272054,0,0.802671283746353,0.809856983837302,0,0,0,0,0.739423113091389,0.72949287760769,0,0,0,0.806549148168333,0,0.731534094977098,0,0.726234586062973,0.815166219282075,0.738264987842724,0,0,0.725278320497008,0.735944992468349,0,0,0.729824992727181,0.804310628689194,0.80516725650254,0,0,0,0.730351128476747,0,0,0.72629261978689,0.731942085831211,0.810458638893018,0.731014420348915,0,0,0.80668720340217,0.807590032959741,0,0.726118136361534,0.728940359039648,0,0.815166219282075,0,0,0,0.731488617286291,0,0,0,0.806152756802969,0.728470296498712,0,0.808222375349762,0,0.807257147746488,0.809498259358139,0,0,0,0,0,0,0,0.807309027287726,0.815166219282075,0,0,0,0
"Trafficking of AMPA receptors",0.777600038561328,0,0.789726662238983,0.783917173137727,0,0.783113062939246,0.78006943794876,0.698723817350964,0.696715786007746,0.780944807237131,0.784413385122596,0.782086492313861,0,0.698948431879438,0.76941634811953,0.787167775513309,0.779097081868987,0.789726662238983,0.691489928328357,0,0.708400581899968,0.778512826053127,0,0.705356384643445,0.860029509915309,0.693553472926281,0.70177162584608,0.778327217140889,0,0.779943644617791,0,0.866244469015152,0.783497234241539,0,0.79230784660353,0.705539929500406,0.701911866585843,0.705712819605136,0.690690069860775,0,0.704006769254189,0,0.780647470198001,0.700707208740513,0.863598602072977,0.788452761562388,0.778556379354381,0.789726662238983,0.704361473364802,0.704736932515703,0.79277090089594,0.777568793883671,0.868084431484648,0.697436287920845,0.789413375029722,0.776796681754208,0.781761371507978,0.779035024472229,0.787365558373986,0.702753000404678,0,0.784711069723896,0,0.702407667627239,0.778624095393486,0.699185319619197,0.865290888156322,0.785785960880894,0,0,0.781226262474174,0.780886469078041,0.793361406170341,0.779722999762521,0.700439648636817,0,0.789726662238983,0,0.707163753827455,0.702139780545223,0.784815213238775,0.792847207781051,0,0,0.78153629135143,0.782817376780097,0,0.783998859062245,0,0.786446042814931,0.781174700399142,0,0,0,0,0,0.705219332367074,0.784840882704575,0.782933128502297,0.789726662238983,0.783146910245129,0.701463371277599,0.699425418262971,0
"Glutamate binding, activation of AMPA receptors and synaptic plasticity",0.777600038561328,0,0.789726662238983,0.783917173137727,0,0.783113062939246,0.78006943794876,0.698723817350964,0.696715786007746,0.780944807237131,0.784413385122596,0.782086492313861,0,0.698948431879438,0.76941634811953,0.787167775513309,0.779097081868987,0.789726662238983,0.691489928328357,0,0.708400581899968,0.778512826053127,0,0.705356384643445,0.860029509915309,0.693553472926281,0.70177162584608,0.778327217140889,0,0.779943644617791,0,0.866244469015152,0.783497234241539,0,0.79230784660353,0.705539929500406,0.701911866585843,0.705712819605136,0.690690069860775,0,0.704006769254189,0,0.780647470198001,0.700707208740513,0.863598602072977,0.788452761562388,0.778556379354381,0.789726662238983,0.704361473364802,0.704736932515703,0.79277090089594,0.777568793883671,0.868084431484648,0.697436287920845,0.789413375029722,0.776796681754208,0.781761371507978,0.779035024472229,0.787365558373986,0.702753000404678,0,0.784711069723896,0,0.702407667627239,0.778624095393486,0.699185319619197,0.865290888156322,0.785785960880894,0,0,0.781226262474174,0.780886469078041,0.793361406170341,0.779722999762521,0.700439648636817,0,0.789726662238983,0,0.707163753827455,0.702139780545223,0.784815213238775,0.792847207781051,0,0,0.78153629135143,0.782817376780097,0,0.783998859062245,0,0.786446042814931,0.781174700399142,0,0,0,0,0,0.705219332367074,0.784840882704575,0.782933128502297,0.789726662238983,0.783146910245129,0.701463371277599,0.699425418262971,0
