"","ZNF479","COL14A1","GPC6","FAT4","NCOA2","FOXRED1","ZNF429","ST6GAL2","KIF3A","CDH18","HTR1A","PLIN4","KRAS","JAK2","ZMYND8","SRCAP","APC","NSD1","ROBO2","PRKG2","CACNA2D3","KCNH1","MSL3","MST1R","HNRNPUL2","STAG1","ADAMTS12","TP53","ARSF","ATP1A4","DYNC2H1","ERLIN2","GABPA","CUBN","FBXW7","CACNB1","MLEC","COL16A1","CACNA1D","CACNA1E","KCNJ4","UNC13C","UNC13A","HAAO","OR4K13","CCDC88A","TBP","ADAMTS7","ARHGEF7","SOX9","AGTR1","RYR2","COL4A6","EIF2AK1","PCLO","PTPRF","PIK3CA","AMPH","S1PR1","COG5","SLC12A2","EXOC3L4","GLI3","PPM1K","PBRM1","TRIP12","MOV10L1","CNTN5","PAFAH2","HSPA8","TTN","ASB7","ACTA1","HPSE","ARID1A","PHF20L1"
"Immunoregulatory interactions between a Lymphoid and a non-Lymphoid cell",0,0.749508421102754,0.749727721975389,0,0.749167040943079,0,0.750249573621801,0,0.748964032252873,0.750007717430027,0.748764929784154,0,0.749031350518972,0.760575239753602,0,0,0.750198516562243,0,0.750182592874654,0.749432798698998,0.749572076873354,0,0,0.762150928924435,0,0.735914910633258,0.749967962632678,0.760977405941073,0,0,0.748088723893568,0.749606624299276,0,0.750651028736249,0.748601171160094,0.749326992546163,0,0.749488612243471,0.74905841442782,0.748778720380905,0.749668270103227,0,0,0,0.750414795036722,0.75046505483222,0.749361580822602,0.749967962632678,0.749382283064981,0.7509362154421,0.760303122606475,0.749349834889377,0.76106593630564,0.750368701829004,0,0.749572500171457,0.783418004183413,0.760929024904949,0.748698229740881,0.749187172851755,0.750651028736249,0.750509629947713,0.749368367810971,0,0,0.748625340756153,0,0,0,0.760135418170262,0.749657624993017,0.748637770715348,0.74952581292923,0.736289380170822,0.749738229025642,0
"GPCR downstream signalling",0,0.954509947245054,0.954514549412039,0,0.954388558881986,0.951154937287293,0.954692657659986,0,0.954342940837125,0.954552128657011,0.956945782608649,0,0.95695795346731,0.956917773810976,0.951306466319596,0,0.95433859079853,0.951786225195508,0.95451088895421,0.957095859307768,0.957127156480315,0,0,0.954546688934555,0.954561977115888,0.954341077012651,0.954427520133727,0.956837642477841,0,0.95454744241126,0.954324489577514,0.95439100075546,0.951824708372693,0.954572604650931,0.954306079279883,0.957072083626925,0,0.954505495999984,0.957011731488114,0.954275526626358,0.957227277030332,0,0,0.951663376097296,0.957316523521413,0.954786109753238,0.954273705003231,0.954427520133727,0.957067134957267,0.957433691803322,0.956879603455269,0.957077216525603,0.954459452277649,0.954837047656128,0.954654396598492,0.954537120995171,0.956825307328732,0.957031592101308,0.956930794454382,0.954360830150436,0.957369607551913,0.954863039213373,0.957036704163807,0,0.954502263743459,0.954311510425299,0.954425388722108,0,0.957212121011215,0.957063977230063,0.954419155560535,0.954314303559108,0.957072083626925,0.954561618216597,0.954414642507858,0.95158140190039
"Signaling by GPCR",0,0.954513481574485,0.954517860273625,0,0.954397987477321,0.951321381143653,0.954687320103001,0,0.954123413457311,0.954553614779742,0.956630555279702,0,0.956642135156861,0.956603906507793,0.951465552366806,0,0.956539283103732,0.951921589334904,0.954514377556981,0.956773344690746,0.957003606740322,0,0,0.954548439194391,0.954562985026098,0.954152326612765,0.954435056883979,0.956527666119167,0,0.954549156084457,0.954306342713923,0.954199826203807,0.951958630092889,0.954516750391599,0.954319512844839,0.956750723487824,0,0.954509246468931,0.956693301873365,0.954290443739318,0.956898381150876,0,0,0.951805131643619,0.956983294091886,0.954776234434371,0.954288710568912,0.954435056883979,0.956746015111173,0.957094773022759,0.956567174689137,0.956755607147869,0.954465438495854,0.954423729787401,0.954650916887388,0.954539335846319,0.956515929929027,0.956712198112939,0.95661629490662,0.95408392692352,0.957033800516237,0.954849428423638,0.956717061948549,0,0.954506171161381,0.954324680269628,0.954433028967511,0,0.957084445640685,0.956542526137304,0.954226613893423,0.954327337776982,0.956750723487824,0.954562643553913,0.954422804558172,0.951727137875326
"Neuronal System",0,0.931495543110909,0.93157203044929,0,0.931393324661399,0,0.931829195991053,0,0.931305672210389,0.927326100903135,0.935345612235223,0,0.936002949120821,0.935421543298141,0,0,0.931418324663282,0,0.931730679450428,0.935578550276328,0.935876672775527,0.936064987471599,0,0.931795590175114,0.926911880755183,0.931456410025501,0.926705487524425,0.939354055201099,0,0.931623084549289,0.931277033519007,0.931529794233726,0.931600480621452,0.931662139531532,0.931248458405804,0.935822028321292,0,0.931488634214904,0.935447973247197,0.935868705866805,0.935652308647462,0.93183935739881,0.93183935739881,0,0.935921049078409,0,0.93131761369255,0.926705487524425,0.935526551129944,0.936102909088841,0.93526049842879,0.93554961431769,0.931417168527366,0.931745530103931,0.931759850867836,0.931540979731087,0.935161942318002,0.935478799433806,0.935322348721865,0.931383498761138,0.936003442215727,0.931844742814471,0.93548673400214,0.932062870678714,0.931592290067569,0.931256888231231,0.931547593792783,0,0.931599560488427,0.935519607785814,0.931508253626381,0.931261223528595,0.935541647408968,0.931716876804361,0.931575695078156,0.926942035751336
"Drug ADME",0,0.85081488727866,0.863189494703318,0,0.874810336965044,0.862316968186339,0.864774261833328,0,0.862712966180754,0.863360387372121,0.862205642233918,0,0.862477890700655,0.86198407225943,0,0.864094766329774,0.86283426356929,0,0.863539088071609,0.863301623806586,0.848287286068363,0,0,0.863844495457952,0.863818277320715,0.847657465183699,0,0.874110829099595,0.850596536152752,0.851335236471073,0.861981851090551,0.86306574811629,0.864047664871485,0,0.862241470939733,0.849010020607657,0,0.85079464511706,0.862505546609993,0.849216346246217,0.863688915412493,0,0,0,0.863891596916241,0,0.862336024184696,0,0.862983169064758,0.849681264033372,0.862509278201794,0.849659999003189,0.86293893894184,0.851061904766185,0,0.863800984985681,0.874414309413656,0.863148871592313,0.862137483182692,0.862591148920442,0.863871101117332,0.86497743124686,0.849349113771934,0,0.863598691609028,0.862266169225597,0.849101336532146,0,0.850295132746383,0.862491739585077,0.848521374942587,0.862278871079808,0.862779999651225,0.851610035510232,0.863410565753982,0
"Biological oxidations",0,0,0.919462566711817,0,0.907259551587986,0.918899600620878,0,0,0,0,0.92652176859887,0.920834199888186,0.910322720537808,0.919102398745131,0,0,0.919172002547913,0.911585065288946,0.903258250721571,0.919173482609947,0,0,0,0.911109839544286,0,0.910534095144326,0,0.918641562349755,0.919416371855714,0.911576994533208,0.918875244770619,0.911553068791219,0.9197905490435,0.919976694865824,0.910170179261369,0.910103792211182,0,0,0.919152361705204,0.910236916346598,0.919784799811793,0,0,0.917929918816684,0.92004666039707,0,0.918850531654778,0,0.911070710995922,0.920390447077136,0.926360870153566,0.910613467702819,0.919075183847844,0.911808464610764,0,0.919988196335122,0.918837372016005,0.919210635276882,0.926477791443008,0,0.920202415711673,0,0.918999913874279,0.912020604648777,0.919226664970595,0.910186114934584,0.911035493208927,0,0.919086266121671,0.918782021883983,0,0.910194310345352,0.919329442576401,0.919962103925603,0.919338406600642,0.911257160882289
"G alpha (i) signalling events",0,0.952905512674092,0.958583423529229,0,0.958494903695326,0,0.959166478509856,0,0.958354403420557,0.953166139537613,0.96310884749872,0,0.958359279939421,0.963058311827119,0.952933950333502,0,0.958359029679138,0.953799568961061,0.958860930464954,0.958602652276971,0.963436096476799,0,0,0.958923911369577,0.959009436237871,0.95820734354277,0.958635108804478,0.958136757201014,0,0.958781573832048,0.958321112209444,0.958531483108319,0.95387333799871,0.953729660800966,0.958346087522122,0.9633367297112,0,0.958521370975205,0.963227837644391,0.958353331328667,0.96361674183314,0,0,0,0.963777767358676,0.953912551725836,0.95842647748198,0.958635108804478,0.958455844032856,0.963989171571232,0.963009906466088,0.963345990889954,0.958622815125292,0.958732884442567,0.958974548973129,0.958659292714272,0.962895339349633,0.958382786043535,0.963081804694142,0.958444873341008,0.963873545733884,0.954066384719461,0.963272895306365,0,0.958700058932835,0.958355886821056,0.958840459125402,0,0.96358939615362,0.958061026854414,0.958525192040982,0.95836092641235,0.958501561710108,0.958890603177093,0.958541965820828,0.953430010692281
"Generation of second messenger molecules",0,0.867281678212285,0.90037566664293,0,0.869493428341998,0,0.901111250568295,0,0.929157071766611,0.87249048040775,0.898440238457301,0,0.899478797649756,0.928336899324301,0,0,0.900126514896706,0,0.901672842635563,0.900999503889877,0.901352347936489,0,0,0.901605309389107,0.870116836445071,0.898201141937777,0,0.896935401763887,0,0,0.928949052428874,0.900323330866738,0,0.90321843712084,0.89773971040128,0.900731457074248,0,0.867560113918073,0.900051047594831,0.899342477283772,0.900891318794967,0,0,0,0.902619968230272,0.903406650188006,0.898006241605537,0,0.900731457074248,0.874479100225753,0.928034439581686,0.89888883391594,0.900118117214546,0.867728581458933,0,0.900567889200174,0.927318569690063,0.929620085723291,0.898271262138605,0.899509939100027,0.87000126560765,0,0.89946528726636,0,0,0.89780094108669,0.901981747428306,0,0.868236509002757,0.927609581112786,0.866499329502761,0.897832430852562,0.900731457074248,0.869201622741256,0.900116619141881,0
"Phase II - Conjugation of compounds",0,0,0.844694125524831,0,0.8718680181694,0.871753902113989,0,0,0,0,0,0,0,0.871416957920474,0,0,0.843967950431756,0,0,0.856197850033647,0,0,0,0,0,0.842980477603846,0,0.871144430913595,0.873561934699264,0.856905219972023,0.8717092217221,0,0,0,0.826373206076211,0,0,0,0,0,0,0,0,0,0,0,0.85750302149881,0,0.843964890231117,0,0,0.842268621523364,0.872076006549124,0.857329847881365,0,0,0.854753098798071,0,0,0,0,0,0,0,0.858629172290006,0.826402439796926,0,0,0.856816199762998,0.870521838406579,0,0.8264174741382,0.856069874890232,0,0.858157541623929,0
"Signaling Pathways",0.912268481265782,0.913062628187883,0.912013015557896,0.912328100506178,0.910743689516191,0.912096419574855,0.91222471730414,0.911310491468612,0.911981637423384,0.912147976857417,0.913156184928087,0.912307874008498,0.913072283914194,0.912899818184003,0.912122199497638,0.912189851719669,0.912999684567538,0.912200832116567,0.913207714487156,0.908225311883828,0.913927841004833,0,0.912248903080298,0.913130211303871,0.912124395558574,0.913091796296246,0.912054011011234,0.911340858234569,0.911209701505572,0.913142619261599,0.912930640572648,0.91330325424103,0.912114707731201,0.912171050813941,0.912985153006392,0.913985087945769,0.911235315777019,0.913138494167113,0.914272902672544,0.913219327268814,0.913104714493916,0.9102603693723,0.9102603693723,0.911175905106359,0.913292546444072,0.91324881900656,0.913155184285734,0.912054011011234,0.912799770913037,0.913326206892059,0.912976676938459,0.913204527389225,0.91312155891243,0.912046991661026,0.91212191021188,0.913126940484902,0.912248567739842,0.913032739989192,0.91299566579676,0.913036076990174,0.913157064814654,0.912312631824196,0.913059186174805,0.912161612783904,0.913174920295637,0.912989641515419,0.912097690656628,0.91319963041998,0.913021636803821,0.913122154685614,0.912077587034514,0.912913165669412,0.913202639467442,0.912081656326865,0.91306518931092,0.912085454090514
"Potassium Channels",0,0,0,0,0.944161492464064,0,0.946482638105836,0,0.944156888364169,0,0.956671365509457,0,0.944012331419613,0.943801001744492,0,0,0.944293386828979,0,0.929533495095642,0.957405536881901,0.94362005578916,0.959374861335038,0,0.944495765414226,0,0,0,0.942203760696145,0,0,0.944066625274219,0.944644715307273,0,0,0.943758004360781,0.943350640799393,0,0,0.956993985740527,0.944401497962904,0.957726095548036,0,0,0,0.958485020569458,0,0,0,0.944555881416166,0.944737994019462,0.95640310481753,0.944362433216726,0,0,0.946482638105836,0.945654199916323,0.956092476829176,0.944357797908804,0.956598043842251,0.930997926086549,0.945400265400526,0,0.944382805987758,0,0,0.943784573385204,0,0,0,0.943485406137552,0,0.943798237324337,0.944555881416166,0,0,0
"Transmission across Chemical Synapses",0,0.917863832782859,0.917981881217001,0,0.917706071666303,0,0.918408541152787,0,0.917570791307366,0.911451944658201,0.923805922559904,0,0.924820438056088,0.923738827229091,0,0,0.91763763207394,0,0.918115937589175,0.917745864341757,0.924625546651225,0,0,0.918326917089992,0.9108405145621,0.917803435865495,0.910470994001808,0.929992442126271,0,0.918060676697261,0.917526591146331,0.917916695014723,0.918025790422704,0.918177765419048,0.917375465209027,0.924541209917935,0,0.917853169784611,0.923963903703407,0.92461325074553,0.924733349420187,0.918394466207705,0.918394466207705,0,0.924694035804844,0,0.917589221459339,0.910470994001808,0.924085178625673,0.924974713495023,0.923674560274511,0.924120773709217,0.917742871626938,0.918249655766205,0.918301097565484,0.918073221270011,0.923522451509845,0.924011479983831,0.923770018299374,0.91769090664469,0.924821199085072,0.918402777908693,0.924023725976269,0.918739430397354,0.918013149349281,0.91738847556751,0.917944166359908,0,0.918024370314946,0.923569689519139,0.91788344983949,0.917395166545078,0.924108477803522,0.918205433059299,0.917987537103433,0.910836075966705
"Glucuronidation",0,0,0.819215639699211,0,0.880966636707957,0,0,0,0,0,0,0,0,0.84464494801586,0,0,0,0,0,0.846913873319594,0,0,0,0,0,0,0,0.843624022602793,0,0.848588220762017,0,0,0,0,0,0,0,0,0,0,0,0,0,0,0,0,0,0,0,0,0,0,0.885008791867851,0.849593316703216,0,0,0.84349414142969,0,0,0,0,0,0,0,0.848107234477472,0,0,0,0,0.843594801851024,0,0,0.846610955648874,0,0.847219092202604,0
"Peptide ligand-binding receptors",0,0.923676953925862,0.923778764915793,0,0.923430716822448,0.914652839547806,0,0,0.922689423329846,0.915577499732149,0.931200554543587,0,0.923346485698735,0.931123180405843,0,0,0.923416099935016,0.915800833367531,0.915686055330731,0.92384252777631,0.931119496121227,0,0,0.924300078914885,0,0.915326079105179,0.923768801657393,0.923005785665132,0,0.914916077343805,0.91528025641382,0.923610142464106,0,0.92431624109717,0.934731639744641,0.930967357689798,0,0.92366465738771,0.931382737932658,0.923902184563073,0.922984942816751,0,0,0,0.92411182215016,0.915963109094449,0.915999542110524,0.923768801657393,0.923653427951468,0.924435498835237,0.930464368132497,0.923325345065745,0.923749979055521,0,0,0.924273647538984,0.930291553895118,0.930855500090011,0.931159149856163,0.923407538608285,0.924258466470132,0,0.923338822831445,0,0.915245802786318,0.934746643251698,0,0,0,0.930944963816456,0.923788673788632,0.934754359267309,0.923653427951468,0.924249081419619,0.923519157371371,0
"Chemokine receptors bind chemokines",0,0,0.924496397522621,0,0.923983284394703,0,0,0,0.922259946298041,0,0.940120122971824,0,0.923508952944323,0.939943379168742,0,0,0.92387149425515,0.906275570058134,0,0.924360125020214,0.924557619442014,0,0,0,0,0.903535554485889,0.924837055274086,0.922730700398902,0,0,0.90343088286079,0.924606607188576,0,0.906031072781454,0.923180889287778,0.924210093437206,0,0,0.923829253578875,0,0.924396176121746,0,0,0,0.925752581518336,0,0.907008438299577,0.924837055274086,0.924210093437206,0.926491948055491,0.939774085928402,0.924242483547046,0.924148718297509,0,0,0.925626845492083,0.939373398112672,0.923954579926279,0.940025543282357,0,0.92608755746208,0,0.923986838553664,0,0.905007727616067,0.923215161422812,0,0,0,0.922829257140219,0.924882448685282,0.923232786923832,0.924210093437206,0.925570729721489,0.924307773110664,0
"Translocation of ZAP-70 to Immunological synapse",0,0.826795314801542,0.877186928486648,0,0,0,0.878330214564674,0,0.921031610071205,0,0.874238558448284,0,0.875820666649888,0.919782185332456,0,0,0.876807378602529,0,0.88081753640207,0.878137262403126,0.878674773855616,0,0,0.879327329349206,0,0.873874326378254,0,0.873702532617142,0,0,0.920714719996267,0.877107201821714,0,0.881517515054132,0.874160490293541,0.877728928368338,0,0.826718867154417,0.876692414103522,0.875613000519123,0.877972456653783,0,0,0,0.880605826488809,0.881804232883386,0.87569300132053,0,0.877728928368338,0.83547200689485,0.919321427733925,0.874921934571159,0.877561886483384,0.827465741815464,0,0.877909106831326,0.918230894199538,0.921736950877625,0.874535065125361,0.875868106549551,0.834371395681346,0,0.875800085359451,0,0,0.874253767181639,0.881749161059355,0,0.828160699507776,0.918674211789903,0.827925052079534,0.874301737694262,0.877728928368338,0.827148690099425,0.87854869847979,0
"GPCR ligand binding",0,0.926171328396586,0.926243552381965,0,0.926084202574883,0.919769686438846,0.927014038581317,0,0.926082358202094,0.920425633735696,0.931506231098794,0,0.925936896608618,0.93145362800673,0,0,0.930907583284538,0.920584065013375,0.920227173344794,0.92604738657483,0.93145101440167,0,0,0.926613368790527,0,0.925820583258672,0.92623648451798,0.925995285100005,0,0.919956425441602,0.926046199389145,0.926031435930529,0,0.926405827924481,0.934013443157366,0.931343088490581,0,0.926162605320695,0.931637756252949,0.926331105393744,0.932060159444237,0,0,0,0.932235055209911,0.920699182249109,0.925345635158358,0.92623648451798,0.926091434090443,0.926379083146183,0.930986271309479,0.925921899595339,0.926223131899335,0,0,0.926531413413412,0.930863678130076,0.931676676966909,0.931476858910771,0.926286727579758,0.926328819362144,0.927014038581318,0.925690047713427,0,0.9201903303035,0.934024086537566,0,0,0.920820686507411,0.930914262982978,0.926250581665224,0.934029560223649,0.926091434090443,0.926577191533485,0.926059388653615,0
"Class A/1 (Rhodopsin-like receptors)",0,0.925591891954627,0.925688928278652,0,0.925357202719508,0.916990984651642,0,0,0.924608120479832,0.917872280721164,0.932207852025561,0,0.925276921812514,0.932134106530047,0,0,0.925343271325402,0.918085140600271,0.917975745349548,0.925749700829809,0.932685398623444,0,0,0.926185794031245,0,0.917632651056019,0.925679432270696,0.924952199708562,0,0.91724187729187,0.917588977327579,0.925481263619428,0,0.926146133099991,0.935573338678418,0.932540395081698,0,0.925580172091563,0.932381491495974,0.9258065598712,0.924911365649272,0,0,0,0.926006366010419,0.918239806025183,0.91827453042925,0.925679432270696,0.925569469286152,0.926267912961693,0.932060994403085,0.925256772619246,0.925661492399024,0,0,0.926160602216902,0.931896284695954,0.932433783307223,0.932168389108369,0.925280046352255,0.92609918294586,0,0.925222668159282,0,0.917556139484001,0.935587638560713,0,0,0,0.932519051421733,0.925698372451587,0.935594992715618,0.925569469286152,0.926137188183502,0.925441495640813,0
"Extracellular matrix organization",0,0.873562700454716,0.885449232052746,0,0.879806751324319,0.879763620809919,0.880446972290807,0.874579469653114,0.879895726120712,0.880230402686121,0.879648204508789,0,0.885078168109729,0.879637844908515,0,0,0.880297003959827,0.880173114767389,0.88003213552526,0.880134375262941,0.880173689791638,0,0,0.885833141306721,0.868999547607842,0.879801044952872,0.879917157350811,0.879584710368036,0,0.874456102836581,0.879826538361938,0.879938885056299,0.868977931121784,0.880320306062121,0.879521795393237,0.885356930636414,0.875210439591337,0.885738523982699,0.885258507473465,0.880153952490781,0.873912760915786,0.874947933515188,0.874947933515188,0,0.880308335088992,0.88057603621292,0.879820488371032,0.879917157350811,0.886216819786911,0.880478771445183,0.879561001406163,0.879915590099772,0.860213220350341,0.874171448870884,0.874947933515188,0.880199871506472,0.890012055113428,0.87975303393562,0.879617713014819,0.879966082386891,0.880348400184608,0.880602286123977,0.879739078187607,0,0.879903180033535,0.879532844367965,0.874059455098848,0,0.873881927922123,0.87964083961068,0.885573690874346,0.879538526643526,0.890644914770152,0.880084367469346,0.88015875572094,0.874236105829877
"Phosphorylation of CD3 and TCR zeta chains",0,0.823093888257925,0.873517155125894,0,0.822125194837386,0,0.874649509988419,0,0.917379466473288,0.826692644906882,0.870567599560285,0,0.871382734748538,0.916129539346084,0,0,0.872369843453923,0,0.877149222893553,0.874467871167662,0.875005598751255,0,0,0.875658416634674,0,0.870203221034065,0,0.868709606441528,0,0,0.917062448978177,0.874371370878123,0,0.8778494830041,0.869935357433224,0.874059372943469,0,0.821731573871865,0.873022441900608,0.871942594288527,0.874302999150615,0,0,0,0.876502078610576,0.878136316121392,0.872022627257921,0,0.874059372943469,0.829723263503648,0.915668596478853,0.871251250465839,0.873124654719238,0.823763621246231,0,0.873944081700664,0.914577624445498,0.918085090894292,0.870864225461455,0.872197802896019,0.829886264960654,0,0.872129754354884,0,0,0.870028671827567,0,0,0.82445879645037,0.91502112029201,0.82293824379889,0.870076661628933,0.873291763771034,0.823446442045025,0.874879472681048,0
"Cardiac conduction",0,0,0.89896725951735,0,0.922301651670894,0.896848904195393,0,0,0.910154774549426,0,0.909807521235361,0,0.922093960961055,0.91002816331715,0,0,0.910482122419579,0.912240776130284,0.897536274834598,0.923408495796795,0.922712150201155,0.911944948229928,0,0.911779890304195,0,0.910347870138953,0,0.921406383496484,0,0.9230132943969,0.910071555636857,0.911007534859863,0,0,0.9099885214711,0.923182515754499,0,0.896687469082427,0.922191560141901,0.922668392627856,0.923377366903356,0,0,0,0.911058149892357,0.91250052341495,0.921929103057929,0,0.911360132154616,0.910765228780743,0.910108664982938,0.923278497254064,0.896479802582463,0.910668707277253,0.899677385619622,0.910912254524581,0.909742604557953,0.910541506826023,0.909739921628301,0.910380924579672,0.91111929111784,0,0.910564563261795,0,0.911334602179194,0.910013017035364,0.911578388489335,0,0.911154226906382,0.909737196951655,0.922874147423139,0.910025614633748,0.911013164730609,0.899735124530486,0.922679041383594,0.91153523514762
"Constitutive Signaling by Aberrant PI3K in Cancer",0,0.85307101413556,0.869522741084014,0,0.86877031184503,0.868951189541507,0.870986145774395,0,0.86873763349178,0.870387734634691,0.851761302279094,0,0.883627548455186,0.883283513592892,0.853927843639879,0,0.852486957092234,0,0.869853274558623,0.869665507340597,0.86958275007825,0,0,0.870094103140931,0.870215678445155,0.852302843949591,0.869657158678604,0.867468453336,0,0.869159352236752,0.852200246072726,0.886006794975933,0.853161668782771,0.871082377054004,0.868233295622875,0.869242109238719,0,0.853043481952928,0.86886881455782,0.868152683688705,0.869716448315737,0,0,0,0.870754037634448,0.854149942695845,0.853139477551777,0.869657158678604,0.868918536724272,0.870431301618097,0.86779814859528,0.86927385763756,0.852758688787764,0.853650807656185,0,0.870307220168688,0.93914319053998,0.868668085432369,0.868368196605007,0.869047774910481,0.852540659506766,0.85083118570332,0.85260001619612,0,0.869879815279306,0.868266888760335,0.869442439169464,0,0.850053616964109,0.867565057476809,0.869305273927975,0.86828416506594,0.852818847966714,0.870376297609931,0.869537344753128,0.85420753141113
"Neurotransmitter receptors and postsynaptic signal transmission",0,0.907018420559882,0.90716738511005,0,0.90681934283444,0,0.907747529599032,0,0.906648633430609,0.898898134299766,0.914516704947268,0,0.915796915444119,0.922018590199276,0,0,0.906635483797333,0,0.907235616238146,0.906869556952413,0.915064975921375,0,0,0.907602783630874,0.89815574104168,0.906942206083242,0.897715215772791,0.914455170564723,0,0.907266816613375,0.906592857535285,0.907085127065968,0.907222793850736,0.898714035687287,0.90640215269932,0.914898497438574,0,0.907004964991845,0.914716060323285,0.90679502139599,0.915687018861704,0.907983516097525,0.907983516097525,0,0.915637409266561,0,0.906671890319345,0.897715215772791,0.906865780465075,0.915991594615676,0.914350939734925,0.914914013561884,0.906865780465075,0.907505288069608,0.907983516097525,0.907282646528023,0.914158994675514,0.906434535943767,0.914471397594758,0.906800206192437,0.915797875781635,0.897899223097225,0.914791549659772,0,0.907206842162516,0.90641857038595,0.907151102720492,0,0.907221001826004,0.906368759978005,0.907043175195875,0.906427013686963,0.907030234309534,0.907449483723797,0.9071745222363,0.898179131469855
"G alpha (s) signalling events",0,0.934380159954584,0.945572430174341,0,0.945396269087396,0,0.946732753173222,0,0.949015513064177,0.934796851939258,0.958361404549565,0,0.945010560016251,0.958260834785184,0,0,0.945332658891173,0,0.946124689722015,0.945494889161758,0.955229612111217,0,0,0.946365834088552,0.946090498720487,0.945225778355618,0.934430104839052,0.944683530789763,0,0.945966764090069,0.945166218696438,0.945750948716442,0,0.935593529055839,0.944021693519457,0.955031864819315,0,0.945309818488257,0.958598203834795,0.945572430174341,0.959372152243711,0,0,0,0.95969260507731,0.947099961466088,0.944983869110082,0.934430104839052,0.94552532669262,0.956330272895366,0.958164504498093,0.958833337626247,0.945144491637721,0.946083950225929,0.946350799047061,0.946049595112914,0.954153465002781,0.94497816036334,0.958307587346817,0.945412512600259,0.956100168835204,0.947099961466088,0.958687871950498,0,0.945895524942276,0.9339590944231,0.94615904483503,0,0.946028151801616,0.944739610992178,0.945792098834803,0.93396912358652,0.945409519034547,0.946183740637415,0.945580907830817,0
"Voltage gated Potassium channels",0,0,0,0,0,0,0,0,0.858329821064019,0,0.85796970289315,0,0.885481019011216,0.857567151462091,0,0,0.887030296974727,0,0,0,0.886890124861056,0.915857748195373,0,0,0,0,0,0,0,0,0.858150844865884,0,0,0,0.885968725531082,0.886355921227925,0,0,0.885770508818071,0.885160867321448,0.914304182209681,0,0,0,0.888726974690403,0,0,0,0,0.889863500547172,0.885793750885146,0.88640571006132,0,0,0,0,0,0.887158013078743,0.857824318625399,0.858816194550189,0.88924188685146,0,0.858720769309387,0,0,0.886021407341355,0,0,0,0.885428210092947,0,0.886048500584884,0.859120955730115,0,0,0
"Cytosolic sulfonation of small molecules",0,0,0,0,0.8585201170358,0.857101021753818,0,0,0,0,0,0,0,0.855752562250207,0,0,0,0,0,0,0,0,0,0,0,0,0,0.797572044501649,0.865299215435438,0,0.8569222096531,0,0,0,0,0,0,0,0,0,0,0,0,0,0,0,0.800068623599249,0,0,0,0,0,0.859084855515708,0,0,0,0,0,0,0,0,0,0,0,0.805537908448888,0,0,0,0,0.797908485722778,0,0,0,0,0.803650430148004,0
"G alpha (q) signalling events",0,0.926814585766037,0.92682996314691,0,0.926408986599751,0.915604374116782,0.927737337175215,0,0.926405841890056,0.927147958970035,0.934953527322826,0,0.934994194236864,0.93485994055143,0,0,0.92649907358689,0,0.927171494194942,0.935454983825766,0.935559558158687,0,0,0.927203463884121,0.916750643261792,0.926057902792863,0.926861062761521,0.934592194936515,0,0.926291946216227,0.926344190053537,0.926365160827375,0.90830796613294,0.927330779250735,0.926133394631929,0.935375541315101,0,0.926799712665818,0.935173884611223,0.92682996314691,0.935894094440327,0,0,0,0.936192296850028,0.91701863056319,0.926025221333537,0.926861062761521,0.935375541315101,0.927629570542881,0.934732400612178,0.926695514364139,0.926645865172369,0.926989336942407,0,0.927171494194942,0.934550979073081,0.935240245569966,0.934903446880839,0.926231671272612,0.926725742729373,0.92814366471311,0.926218437562807,0,0.916230910532161,0.926151541907312,0.926891209149375,0,0.926804563985991,0.934644381248331,0.927034379263784,0.926160874702612,0.935375541315101,0.927398827684996,0.926268550343231,0
"Peptide hormone metabolism",0,0.726442668941496,0.726481012685486,0,0.725337047582951,0.707961294346617,0.726948932119016,0,0.740873820307518,0.725703091330463,0.739889532117366,0,0.724962395166141,0.724286371204247,0,0.708172253710198,0.724887379186437,0.711315705504278,0.726281621866692,0.724301356283789,0.724801090890652,0,0,0.72614616805803,0,0.724442865814282,0.725801049519345,0.72329304610447,0,0,0.740763644676155,0.725582986056885,0.709424339667681,0.726984347858858,0.724233888357716,0.724472241450503,0.695766854711687,0.725157866379351,0.740514681801185,0.724743159128313,0.725292450913308,0.727559591513463,0.727559591513463,0,0.726667374020816,0.727559591513464,0.724499934989442,0.725801049519345,0.725818440939022,0.724933528809468,0.757204724573283,0.723496312135282,0.725149704796217,0.726605527040527,0.727559591513463,0.726548395235724,0.75743622971149,0.740508392224555,0.740642052304793,0.725171474577647,0.725706378212086,0.727863750455976,0.725340410736119,0,0.708857775386302,0.724266318657212,0,0,0.725491826069435,0.740853069787032,0.725844003421073,0.724282996937578,0.724426160990348,0.726495295210149,0.724711176826262,0.709522392730988
"Trafficking of GluR2-containing AMPA receptors",0,0.874671271564742,0.821624778767669,0,0.873280446842214,0,0.82660992469738,0,0.872453364490695,0.827558013313707,0.871057438260292,0,0.91991984980384,0.871944399037992,0,0,0.873769272676185,0,0,0.873778418293396,0.874345854691537,0,0,0.878176160962888,0,0.873229590915271,0,0.87049157019269,0,0.873104769512139,0.872118832153017,0.875071363455506,0,0.82486328070606,0.870975023806922,0.873347351024288,0,0.874590567837723,0.87283788907,0.874169953290825,0.876161099956791,0,0,0,0.8783639503555,0,0.872592854521484,0,0.873932109329541,0.87990352285881,0.870647970947662,0.874025171842878,0.873755767699798,0.878176160962888,0,0.878812707190835,0.870306742670198,0.871451329837098,0.872180471066058,0.873362466712159,0.878741637172743,0,0.872705900264161,0,0,0.871073493711455,0,0,0.875886312293938,0.870774741138965,0.875279146549257,0.871124134892725,0.874742128003075,0.824711525156634,0.87560753728355,0
"Nitric oxide stimulates guanylate cyclase",0,0,0,0,0.8148766164817,0,0,0,0,0,0.771782370121775,0,0.8115610097372,0.81095542786284,0,0,0.734375495197111,0,0,0.660372681769236,0.813890625111476,0,0,0.73822283183867,0.778397185735378,0.81194912135518,0,0.809832119666932,0,0.815294148926849,0.734376221337826,0.73665907979117,0,0,0.733491843736245,0.813118595180565,0,0,0.811172048908143,0.80982292465358,0.737953777199106,0,0,0,0.814976655281615,0,0.773867888587348,0,0.735778223452822,0.81661915998256,0.810127215038419,0.813190549894503,0,0.816400040203501,0,0.738133661842307,0.812577387443516,0.735210599518328,0.811597224182612,0.735337783257191,0.816632201192015,0,0.811054052655731,0,0,0.733567979374087,0.73822283183867,0,0,0.732710691998445,0.814612234127115,0.733607134470817,0.735127694167872,0,0.813335590831275,0
"Activation of Matrix Metalloproteinases",0,0.902543500930341,0.902586124939496,0,0.902131734757691,0,0.879539777042215,0,0.875136553561658,0.904593850821057,0.901294860733654,0,0.901849335752526,0.901449236046628,0,0,0.90166894406512,0.877808378439308,0,0.877120039673803,0,0,0,0.878432750666576,0,0.875119291330258,0.902851435893902,0.900707081603365,0,0,0.874965663052687,0,0,0.880713571746428,0.874571425402298,0,0,0.902502274718604,0,0,0,0,0,0,0,0,0.901780489187621,0.902851435893902,0.902878411265164,0.905515027503893,0.9012007615542,0,0.902075830383057,0,0,0.904245302145052,0.900612665411466,0.902089604734025,0.901569829676858,0,0,0,0.875564271887081,0,0.851219816761881,0.874621727182451,0,0,0,0.900851734964743,0.903451453077581,0.874647596422185,0.902878411265164,0.904162940099247,0.902373314150922,0
"Interaction between L1 and Ankyrins",0,0,0,0,0,0,0.908603473078552,0,0.934295226317614,0,0.868550080937874,0,0.931393742689215,0.900748698107998,0,0,0.869873284877805,0,0,0.903594756936783,0.903277228850364,0.872713679110036,0,0,0,0.902839717262682,0,0.894033856388953,0,0,0.934072406648206,0.902903078885561,0,0,0,0.902612162332179,0,0.866606289318511,0.90188334251708,0.902187505642122,0.901804027964737,0,0,0,0.905311489153759,0,0.869089716072062,0,0.902144263670619,0.90672642766692,0.867887863870813,0.902674147844851,0.903190184239934,0,0,0,0.900353392088489,0,0.900438038329874,0.934900745825388,0.905952538403308,0,0.903419915783718,0,0,0,0,0.874633020291583,0,0.898997070295961,0.867059507485608,0,0.902144263670619,0,0,0
"Negative regulation of the PI3K/AKT network",0,0.911385185952096,0.911165760721604,0,0.939224440812634,0.910659805262007,0.912385598949317,0,0.910294162923134,0.911931480305813,0.910225787691403,0,0.924805538009142,0.924569004687931,0.912143678464869,0,0.910868160228586,0,0.911458359382654,0.911047517971174,0.910462581805683,0,0,0.911671548442579,0.911779170737947,0.910705177465395,0.911284751417615,0.923968727469383,0,0.910844077447997,0.910614354587522,0.925757965348246,0.896631945681747,0.912546399693448,0.910574831030241,0.910740740772053,0,0.911360813595307,0.910410288541951,0.908280937836082,0.911337236475171,0,0,0.896937870168206,0.91225574327916,0.897262172987153,0.910512884406041,0.911284751417615,0.92541391298466,0.911507501765907,0.924422110061258,0.910189140470698,0.911108705699422,0.911586361477482,0,0.926643219386799,0.912411873837751,0.925192205598575,0.910143721519433,0.91074530567818,0.896865399938577,0.894991026620994,0.910968243714702,0,0.911903073796821,0.910604568735485,0.910922194034467,0,0.894624087965601,0.924215770448462,0.910744433994976,0.910619862266326,0.911161960502832,0.911782617515591,0.911423312295755,0.912391266904971
